countyname,countyfips,density,total_population,ruralurban
Autauga,1001,94.3,56059,Rural
Baldwin,1003,141.8,225463,Rural
Barbour,1005,27.8,24575,Rural
Bibb,1007,36.0,22427,Rural
Blount,1009,89.9,57997,Rural
Bullock,1011,16.2,10096,Rural
Butler,1013,25.0,19424,Rural
Calhoun,1015,187.7,113714,Rural
Chambers,1017,55.8,33275,Rural
Cherokee,1019,47.6,26346,Rural
Chilton,1021,64.3,44525,Rural
Choctaw,1023,13.8,12574,Rural
Clarke,1025,19.0,23592,Rural
Clay,1027,21.9,13250,Rural
Cleburne,1029,26.7,14941,Rural
Coffee,1031,77.4,52521,Rural
Colbert,1033,93.4,55354,Rural
Conecuh,1035,14.2,12050,Rural
Coosa,1037,16.4,10687,Rural
Covington,1039,36.0,37134,Rural
Crenshaw,1041,22.7,13798,Rural
Cullman,1043,114.4,84084,Rural
Dale,1045,87.5,49102,Rural
Dallas,1047,37.8,36960,Rural
DeKalb,1049,92.2,71651,Rural
Elmore,1051,132.0,81661,Rural
Escambia,1053,38.9,36768,Rural
Etowah,1055,191.4,102381,Rural
Fayette,1057,26.0,16311,Rural
Franklin,1059,49.5,31353,Rural
Geneva,1061,45.8,26333,Rural
Greene,1063,12.5,8096,Rural
Hale,1065,22.7,14647,Rural
Henry,1067,30.8,17283,Rural
Houston,1069,183.1,106174,Rural
Jackson,1071,48.0,51745,Rural
Jefferson,1073,592.9,658926,Urban
Lamar,1075,22.8,13811,Rural
Lauderdale,1077,139.2,92926,Rural
Lawrence,1079,47.8,32984,Rural
Lee,1081,272.2,165375,Rural
Limestone,1083,178.3,99825,Rural
Lowndes,1085,13.5,9686,Rural
Macon,1087,29.6,18031,Rural
Madison,1089,467.8,374983,Rural
Marengo,1091,19.3,18832,Rural
Marion,1093,40.1,29782,Rural
Marshall,1095,171.4,96982,Rural
Mobile,1097,336.2,413330,Rural
Monroe,1099,20.2,20697,Rural
Montgomery,1101,288.1,225904,Rural
Morgan,1103,206.9,119864,Rural
Perry,1105,12.4,8905,Rural
Pickens,1107,22.6,19928,Rural
Pike,1109,49.3,33118,Rural
Randolph,1111,39.2,22779,Rural
Russell,1113,90.6,58095,Rural
St. Clair,1115,142.4,90004,Rural
Shelby,1117,278.4,218514,Rural
Sumter,1119,13.7,12396,Rural
Talladega,1121,108.6,80019,Rural
Tallapoosa,1123,56.4,40416,Rural
Tuscaloosa,1125,158.9,210089,Rural
Walker,1127,80.5,63655,Rural
Washington,1129,15.1,16314,Rural
Wilcox,1131,11.7,10364,Rural
Winston,1133,38.6,23651,Rural
Aleutians East,2013,0.5,3335,Rural
Aleutians West,2016,1.3,5623,Rural
Anchorage,2020,168.4,287009,Rural
Bethel,2050,0.5,18348,Rural
Bristol Bay,2060,1.6,831,Rural
Denali,2068,0.2,2101,Rural
Dillingham,2070,0.3,4905,Rural
Fairbanks North Star,2090,13.1,96444,Rural
Haines,2100,1.1,2524,Rural
Hoonah-Angoon,2105,0.3,2146,Rural
Juneau,2110,11.8,31981,Rural
Kenai Peninsula,2122,3.7,58806,Rural
Ketchikan Gateway,2130,2.9,13928,Rural
Kodiak Island,2150,2.0,12896,Rural
Kusilvak,2158,0.5,8280,Rural
Lake and Peninsula,2164,0.1,1581,Rural
Matanuska-Susitna,2170,4.4,108894,Rural
Nome,2180,0.4,9945,Rural
North Slope,2185,0.1,9821,Rural
Northwest Arctic,2188,0.2,7564,Rural
Petersburg,2195,1.0,3258,Rural
Prince of Wales-Hyder,2198,1.6,6186,Rural
Sitka,2220,3.0,8497,Rural
Skagway,2230,2.6,1182,Rural
Southeast Fairbanks,2240,0.3,6867,Rural
Valdez-Cordova,2261,0.3,9196,Rural
Wrangell,2275,1.0,2491,Rural
Yakutat,2282,0.1,577,Rural
Yukon-Koyukuk,2290,0.0,5195,Rural
Apache,4001,6.4,72068,Rural
Cochise,4003,20.4,125866,Rural
Coconino,4005,7.8,144552,Rural
Gila,4007,11.4,54198,Rural
Graham,4009,8.4,39011,Rural
Greenlee,4011,5.2,9493,Rural
La Paz,4012,4.7,21195,Rural
Maricopa,4013,490.5,4512331,Rural
Mohave,4015,16.1,213678,Rural
Navajo,4017,11.2,111160,Rural
Pima,4019,114.6,1052466,Rural
Pinal,4021,87.1,467550,Rural
Santa Cruz,4023,37.6,46451,Rural
Yavapai,4025,29.2,237378,Rural
Yuma,4027,38.8,214121,Rural
Arkansas,5001,17.7,17468,Rural
Ashley,5003,21.2,19602,Rural
Baxter,5005,76.2,42212,Rural
Benton,5007,331.7,281073,Rural
Boone,5009,63.6,37552,Rural
Bradley,5011,16.6,10800,Rural
Calhoun,5013,8.3,5221,Rural
Carroll,5015,45.2,28510,Rural
Chicot,5017,15.6,10063,Rural
Clark,5019,25.7,22280,Rural
Clay,5021,22.8,14558,Rural
Cleburne,5023,45.1,24967,Rural
Cleveland,5025,13.3,7949,Rural
Columbia,5027,30.6,23424,Rural
Conway,5029,37.9,20908,Rural
Craighead,5031,156.8,110860,Rural
Crawford,5033,107.0,63436,Rural
Crittenden,5035,78.5,47837,Rural
Cross,5037,26.6,16401,Rural
Dallas,5039,10.5,6995,Rural
Desha,5041,14.7,11324,Rural
Drew,5043,22.0,18244,Rural
Faulkner,5045,195.0,126340,Rural
Franklin,5047,29.2,17763,Rural
Fulton,5049,20.3,12550,Rural
Garland,5051,147.5,99945,Rural
Grant,5053,29.0,18332,Rural
Greene,5055,78.7,45465,Rural
Hempstead,5057,29.6,21504,Rural
Hot Spring,5059,55.1,33867,Rural
Howard,5061,22.5,13225,Rural
Independence,5063,49.6,37914,Rural
Izard,5065,23.6,13679,Rural
Jackson,5067,26.4,16722,Rural
Jefferson,5069,76.4,66485,Rural
Johnson,5071,40.4,26672,Rural
Lafayette,5073,12.5,6612,Rural
Lawrence,5075,27.9,16415,Rural
Lee,5077,14.7,8831,Rural
Lincoln,5079,23.3,13081,Rural
Little River,5081,23.1,12275,Rural
Logan,5083,30.4,21501,Rural
Lonoke,5085,95.6,73667,Rural
Madison,5087,20.0,16674,Rural
Marion,5089,28.2,16821,Rural
Miller,5091,69.3,43325,Rural
Mississippi,5093,44.9,40449,Rural
Monroe,5095,11.0,6680,Rural
Montgomery,5097,11.6,9025,Rural
Nevada,5099,13.4,8258,Rural
Newton,5101,9.5,7771,Rural
Ouachita,5103,31.9,23384,Rural
Perry,5105,19.0,10478,Rural
Phillips,5107,25.4,17639,Rural
Pike,5109,17.9,10736,Rural
Poinsett,5111,31.0,23537,Rural
Polk,5113,23.3,20000,Rural
Pope,5115,79.2,64342,Rural
Prairie,5117,12.4,8057,Rural
Pulaski,5119,516.2,392189,Urban
Randolph,5121,27.7,18036,Rural
St. Francis,5123,39.1,24832,Rural
Saline,5125,170.4,123287,Rural
Scott,5127,11.5,10284,Rural
Searcy,5129,11.9,7903,Rural
Sebastian,5131,240.7,128014,Rural
Sevier,5133,30.1,17018,Rural
Sharp,5135,29.1,17579,Rural
Stone,5137,20.7,12555,Rural
Union,5139,37.2,38617,Rural
Van Buren,5141,23.4,16571,Rural
Washington,5143,254.9,240117,Rural
White,5145,76.3,79013,Rural
Woodruff,5147,10.7,6307,Rural
Yell,5149,23.0,21367,Rural
Alameda,6001,2261.3,1671168,Urban
Alpine,6003,1.5,1136,Rural
Amador,6005,67.5,40131,Rural
Butte,6007,133.9,219114,Rural
Calaveras,6009,45.1,46038,Rural
Colusa,6011,18.8,21605,Rural
Contra Costa,6013,1613.5,1155188,Urban
Del Norte,6015,27.8,27972,Rural
El Dorado,6017,113.5,193913,Rural
Fresno,6019,168.1,1001679,Rural
Glenn,6021,21.7,28526,Rural
Humboldt,6023,38.1,135819,Rural
Imperial,6025,43.3,180991,Rural
Inyo,6027,1.8,18076,Rural
Kern,6029,111.1,903079,Rural
Kings,6031,110.5,153468,Rural
Lake,6033,51.4,64614,Rural
Lassen,6035,6.7,30568,Rural
Los Angeles,6037,2474.4,10040723,Urban
Madera,6039,73.9,157915,Rural
Marin,6041,497.8,259027,Rural
Mariposa,6043,11.9,17246,Rural
Mendocino,6045,24.8,86919,Rural
Merced,6047,144.3,279313,Rural
Modoc,6049,2.3,8840,Rural
Mono,6051,4.7,14362,Rural
Monterey,6053,132.5,434621,Rural
Napa,6055,184.4,137969,Rural
Nevada,6057,104.6,100191,Rural
Orange,6059,4019.8,3177905,Urban
Placer,6061,285.3,401405,Rural
Plumas,6063,7.4,18885,Rural
Riverside,6065,344.7,2483726,Rural
Sacramento,6067,1613.9,1556817,Urban
San Benito,6069,45.6,63266,Rural
San Bernardino,6071,109.0,2185317,Rural
San Diego,6073,795.1,3344694,Urban
San Francisco,6075,18825.8,882417,Urban
San Joaquin,6077,550.2,765512,Urban
San Luis Obispo,6079,86.1,284085,Rural
San Mateo,6081,1707.9,765837,Urban
Santa Barbara,6083,163.6,447530,Rural
Santa Clara,6085,1491.6,1924317,Urban
Santa Cruz,6087,614.4,273524,Urban
Shasta,6089,47.9,180772,Rural
Sierra,6091,3.2,3009,Rural
Siskiyou,6093,7.0,43732,Rural
Solano,6095,546.5,449107,Urban
Sonoma,6097,313.8,494527,Rural
Stanislaus,6099,369.7,552693,Rural
Sutter,6101,161.5,97287,Rural
Tehama,6103,22.1,65316,Rural
Trinity,6105,3.8,12236,Rural
Tulare,6107,96.8,466926,Rural
Tuolumne,6109,24.7,54761,Rural
Ventura,6111,459.6,847146,Rural
Yolo,6113,218.0,221203,Rural
Yuba,6115,125.3,79182,Rural
Adams,8001,444.8,519315,Rural
Alamosa,8003,22.7,16423,Rural
Arapahoe,8005,824.0,657609,Urban
Archuleta,8007,10.5,14179,Rural
Baca,8009,1.4,3594,Rural
Bent,8011,3.7,5548,Rural
Boulder,8013,450.8,327381,Rural
Broomfield,8014,2143.6,70811,Urban
Chaffee,8015,20.2,20513,Rural
Cheyenne,8017,1.0,1833,Rural
Clear Creek,8019,24.6,9734,Rural
Conejos,8021,6.4,8240,Rural
Costilla,8023,3.2,3918,Rural
Crowley,8025,7.8,6156,Rural
Custer,8027,6.9,5127,Rural
Delta,8029,27.5,31373,Rural
Denver,8031,4767.0,729348,Urban
Dolores,8033,1.9,2067,Rural
Douglas,8035,420.5,353316,Rural
Eagle,8037,32.8,55196,Rural
Elbert,8039,14.5,26896,Rural
El Paso,8041,340.8,724738,Rural
Fremont,8043,31.3,48031,Rural
Garfield,8045,20.4,60213,Rural
Gilpin,8047,42.0,6293,Rural
Grand,8049,8.5,15783,Rural
Gunnison,8051,5.4,17600,Rural
Hinsdale,8053,0.7,828,Rural
Huerfano,8055,4.4,6969,Rural
Jackson,8057,0.9,1397,Rural
Jefferson,8059,765.1,584699,Urban
Kiowa,8061,0.8,1414,Rural
Kit Carson,8063,3.3,7078,Rural
Lake,8065,21.7,8165,Rural
La Plata,8067,33.4,56432,Rural
Larimer,8069,138.4,359303,Rural
Las Animas,8071,3.1,14578,Rural
Lincoln,8073,2.2,5742,Rural
Logan,8075,12.1,22227,Rural
Mesa,8077,46.6,155037,Rural
Mineral,8079,0.9,775,Rural
Moffat,8081,2.8,13290,Rural
Montezuma,8083,13.0,26288,Rural
Montrose,8085,19.2,43000,Rural
Morgan,8087,22.7,29042,Rural
Otero,8089,14.5,18335,Rural
Ouray,8091,9.2,4987,Rural
Park,8093,8.7,19031,Rural
Phillips,8095,6.2,4264,Rural
Pitkin,8097,18.2,17683,Rural
Prowers,8099,7.4,12206,Rural
Pueblo,8101,70.9,169155,Rural
Rio Blanco,8103,2.0,6321,Rural
Rio Grande,8105,12.4,11268,Rural
Routt,8107,10.9,25796,Rural
Saguache,8109,2.2,6858,Rural
San Juan,8111,1.9,733,Rural
San Miguel,8113,6.4,8187,Rural
Sedgwick,8115,4.1,2255,Rural
Summit,8117,51.1,31083,Rural
Teller,8119,45.9,25563,Rural
Washington,8121,2.0,4932,Rural
Weld,8123,82.0,327077,Rural
Yuma,8125,4.2,10035,Rural
Fairfield,9001,1508.4,942596,Urban
Hartford,9003,1212.9,891590,Urban
Litchfield,9005,196.0,180429,Rural
Middlesex,9007,440.3,162611,Rural
New Haven,9009,1414.2,854873,Urban
New London,9011,399.1,265342,Rural
Tolland,9013,367.8,150866,Rural
Windham,9015,228.1,116984,Rural
Kent,10001,310.1,181760,Rural
New Castle,10003,1315.2,560636,Urban
Sussex,10005,252.5,236403,Rural
District of Columbia,11001,11564.4,705989,Urban
Alachua,12001,308.6,270032,Rural
Baker,12003,50.3,29434,Rural
Bay,12005,228.7,173469,Rural
Bradford,12007,97.2,28568,Rural
Brevard,12009,597.7,607014,Urban
Broward,12011,1616.2,1955251,Urban
Calhoun,12013,24.8,14062,Rural
Charlotte,12015,280.9,191064,Rural
Citrus,12017,260.2,151369,Rural
Clay,12019,365.3,220763,Rural
Collier,12021,194.1,387966,Rural
Columbia,12023,90.5,72154,Rural
DeSoto,12027,59.8,38079,Rural
Dixie,12029,24.0,16919,Rural
Duval,12031,1261.9,961793,Urban
Escambia,12033,487.1,319784,Rural
Flagler,12035,239.8,116416,Rural
Franklin,12037,23.0,12286,Rural
Gadsden,12039,88.4,45669,Rural
Gilchrist,12041,53.5,18716,Rural
Glades,12043,17.3,13948,Rural
Gulf,12045,25.7,14474,Rural
Hamilton,12047,28.1,14449,Rural
Hardee,12049,42.2,26938,Rural
Hendry,12051,36.5,42033,Rural
Hernando,12053,414.9,196043,Rural
Highlands,12055,105.3,107017,Rural
Hillsborough,12057,1444.2,1473380,Urban
Holmes,12059,41.2,19703,Rural
Indian River,12061,321.2,161546,Rural
Jackson,12063,51.3,47080,Rural
Jefferson,12065,23.9,14288,Rural
Lafayette,12067,15.3,8315,Rural
Lake,12069,396.2,371792,Rural
Lee,12071,990.9,777411,Urban
Leon,12073,441.5,294412,Rural
Levy,12075,37.4,41797,Rural
Liberty,12077,10.0,8393,Rural
Madison,12079,26.6,18524,Rural
Manatee,12081,548.6,407576,Urban
Marion,12083,233.0,369231,Rural
Martin,12085,298.1,161980,Rural
Miami-Dade,12086,1434.0,2721256,Urban
Monroe,12087,75.4,74150,Rural
Nassau,12089,138.4,89773,Rural
Okaloosa,12091,228.0,212140,Rural
Okeechobee,12093,55.0,42326,Rural
Orange,12095,1546.1,1396795,Urban
Osceola,12097,285.1,378454,Rural
Palm Beach,12099,762.5,1502034,Urban
Pasco,12101,750.4,560435,Urban
Pinellas,12103,3579.0,979919,Urban
Polk,12105,407.4,732435,Rural
Putnam,12107,103.0,74925,Rural
St. Johns,12109,447.7,268905,Rural
St. Lucie,12111,580.5,331983,Urban
Santa Rosa,12113,184.2,186294,Rural
Sarasota,12115,787.8,437909,Urban
Seminole,12117,1531.4,473544,Urban
Sumter,12119,246.1,134623,Rural
Suwannee,12121,64.7,44525,Rural
Taylor,12123,20.7,21546,Rural
Union,12125,61.6,14998,Rural
Volusia,12127,507.1,558323,Urban
Wakulla,12129,56.4,34178,Rural
Walton,12131,72.7,75397,Rural
Washington,12133,44.1,25722,Rural
Appling,13001,36.3,18413,Rural
Atkinson,13003,24.1,8182,Rural
Bacon,13005,43.2,11177,Rural
Baker,13007,8.8,3025,Rural
Baldwin,13009,174.5,44986,Rural
Banks,13011,83.4,19354,Rural
Barrow,13013,523.8,83976,Urban
Bartow,13015,235.7,108306,Rural
Ben Hill,13017,66.6,16651,Rural
Berrien,13019,43.1,19478,Rural
Bibb,13021,614.6,153494,Urban
Bleckley,13023,59.9,12938,Rural
Brantley,13025,43.3,19171,Rural
Brooks,13027,31.1,15354,Rural
Bryan,13029,91.9,40081,Rural
Bulloch,13031,119.7,80548,Rural
Burke,13033,27.1,22380,Rural
Butts,13035,136.7,25209,Rural
Calhoun,13037,22.0,6180,Rural
Camden,13039,89.6,54907,Rural
Candler,13043,44.6,10840,Rural
Carroll,13045,241.7,120634,Rural
Catoosa,13047,418.8,67906,Rural
Charlton,13049,17.5,13529,Rural
Chatham,13051,679.3,289676,Urban
Chattahoochee,13053,44.1,10969,Rural
Chattooga,13055,79.2,24828,Rural
Cherokee,13057,618.4,260752,Urban
Clarke,13059,1079.3,128658,Urban
Clay,13061,14.5,2828,Rural
Clayton,13063,2074.8,293733,Urban
Clinch,13065,8.3,6631,Rural
Cobb,13067,2242.5,761438,Urban
Coffee,13069,75.5,43422,Rural
Colquitt,13071,84.2,45819,Rural
Columbia,13073,543.8,157742,Urban
Cook,13075,76.2,17306,Rural
Coweta,13077,338.8,149354,Rural
Crawford,13079,38.3,12449,Rural
Crisp,13081,82.0,22355,Rural
Dade,13083,92.8,16147,Rural
Dawson,13085,125.3,26411,Rural
Decatur,13087,44.2,26412,Rural
DeKalb,13089,2837.4,759228,Urban
Dodge,13091,41.5,20571,Rural
Dooly,13093,34.1,13370,Rural
Dougherty,13095,269.8,88673,Rural
Douglas,13097,735.1,147078,Urban
Early,13099,19.9,10176,Rural
Echols,13101,9.7,4014,Rural
Effingham,13103,136.0,64955,Rural
Elbert,13105,54.8,19251,Rural
Emanuel,13107,33.4,22756,Rural
Evans,13109,58.4,10671,Rural
Fannin,13111,68.3,26404,Rural
Fayette,13113,591.7,114984,Urban
Floyd,13115,193.6,98711,Rural
Forsyth,13117,1100.8,246592,Urban
Franklin,13119,89.7,23468,Rural
Fulton,13121,2026.3,1067116,Urban
Gilmer,13123,74.1,31594,Rural
Glascock,13125,20.7,2979,Rural
Glynn,13127,204.1,85660,Rural
Gordon,13129,163.5,58167,Rural
Grady,13131,54.2,24623,Rural
Greene,13133,47.7,18499,Rural
Gwinnett,13135,2181.8,938995,Urban
Habersham,13137,164.1,45414,Rural
Hall,13139,523.3,205525,Urban
Hancock,13141,18.0,8475,Rural
Haralson,13143,106.2,29955,Rural
Harris,13145,76.5,35486,Rural
Hart,13147,113.4,26360,Rural
Heard,13149,40.5,11988,Rural
Henry,13151,734.3,236549,Urban
Houston,13153,422.7,158726,Rural
Irwin,13155,26.8,9500,Rural
Jackson,13157,217.5,73881,Rural
Jasper,13159,38.8,14302,Rural
Jeff Davis,13161,45.7,15125,Rural
Jefferson,13163,29.2,15385,Rural
Jenkins,13165,24.9,8646,Rural
Johnson,13167,31.8,9643,Rural
Jones,13169,73.2,28837,Rural
Lamar,13171,104.6,19190,Rural
Lanier,13173,56.3,10437,Rural
Laurens,13175,59.1,47683,Rural
Lee,13177,84.6,30110,Rural
Liberty,13179,125.5,61455,Rural
Lincoln,13181,37.8,7950,Rural
Long,13183,49.1,19662,Rural
Lowndes,13185,237.3,117727,Rural
Lumpkin,13187,120.1,33986,Rural
McDuffie,13189,82.8,21323,Rural
McIntosh,13191,34.1,14450,Rural
Macon,13193,32.2,12909,Rural
Madison,13195,106.4,30038,Rural
Marion,13197,22.9,8365,Rural
Meriwether,13199,42.3,21224,Rural
Miller,13201,20.2,5715,Rural
Mitchell,13205,42.6,21822,Rural
Monroe,13207,70.1,27741,Rural
Montgomery,13209,38.5,9220,Rural
Morgan,13211,56.0,19443,Rural
Murray,13213,116.7,40213,Rural
Muscogee,13215,906.1,196062,Urban
Newton,13217,413.2,112454,Rural
Oconee,13219,220.3,40604,Rural
Oglethorpe,13221,35.0,15350,Rural
Paulding,13223,545.2,170215,Urban
Peach,13225,184.2,27676,Rural
Pickens,13227,141.5,32843,Rural
Pierce,13229,61.8,19569,Rural
Pike,13231,88.5,19118,Rural
Polk,13233,137.7,42733,Rural
Pulaski,13235,44.8,11161,Rural
Putnam,13237,64.5,22216,Rural
Quitman,13239,15.3,2307,Rural
Rabun,13241,46.7,17280,Rural
Randolph,13243,15.8,6779,Rural
Richmond,13245,626.1,203065,Urban
Rockdale,13247,703.1,91261,Urban
Schley,13249,31.5,5259,Rural
Screven,13251,21.7,13982,Rural
Seminole,13253,34.3,8080,Rural
Spalding,13255,341.2,67028,Rural
Stephens,13257,145.1,25999,Rural
Stewart,13259,14.3,6545,Rural
Sumter,13261,61.0,29468,Rural
Talbot,13263,15.9,6214,Rural
Taliaferro,13265,7.9,1530,Rural
Tattnall,13267,52.6,25210,Rural
Taylor,13269,21.3,8026,Rural
Telfair,13271,36.1,15797,Rural
Terrell,13273,25.4,8523,Rural
Thomas,13275,81.7,44518,Rural
Tift,13277,157.4,40742,Rural
Toombs,13279,73.8,26865,Rural
Towns,13281,73.0,12156,Rural
Treutlen,13283,34.8,6939,Rural
Troup,13285,168.7,69842,Rural
Turner,13287,28.1,8011,Rural
Twiggs,13289,22.7,8131,Rural
Union,13291,77.2,24838,Rural
Upson,13293,81.7,26417,Rural
Walker,13295,156.8,69992,Rural
Walton,13297,292.9,95403,Rural
Ware,13299,40.2,35858,Rural
Warren,13301,18.5,5263,Rural
Washington,13303,30.1,20428,Rural
Wayne,13305,46.8,30017,Rural
Webster,13307,12.5,2611,Rural
Wheeler,13309,26.5,7840,Rural
White,13311,129.2,31092,Rural
Whitfield,13313,360.4,104680,Rural
Wilcox,13315,22.7,8587,Rural
Wilkes,13317,20.9,9807,Rural
Wilkinson,13319,20.1,8982,Rural
Worth,13321,35.5,20259,Rural
Hawaii,15001,50.1,201959,Rural
Honolulu,15003,1618.0,971975,Urban
Kalawao,15005,7.3,87,Rural
Kauai,15007,116.9,72456,Rural
Maui,15009,144.3,167641,Rural
Ada,16001,462.8,487154,Rural
Adams,16003,3.2,4337,Rural
Bannock,16005,79.3,88233,Rural
Bear Lake,16007,6.3,6148,Rural
Benewah,16009,12.0,9339,Rural
Bingham,16011,22.4,46990,Rural
Blaine,16013,8.7,23021,Rural
Boise,16015,4.2,7908,Rural
Bonner,16017,26.6,46173,Rural
Bonneville,16019,64.2,119890,Rural
Boundary,16021,9.7,12296,Rural
Butte,16023,1.2,2606,Rural
Camas,16025,1.0,1113,Rural
Canyon,16027,395.0,232022,Rural
Caribou,16029,4.1,7191,Rural
Cassia,16031,9.4,24062,Rural
Clark,16033,0.5,839,Rural
Clearwater,16035,3.6,8781,Rural
Custer,16037,0.9,4360,Rural
Elmore,16039,9.0,27562,Rural
Franklin,16041,21.0,13961,Rural
Fremont,16043,7.0,13090,Rural
Gem,16045,32.6,18279,Rural
Gooding,16047,20.9,15206,Rural
Idaho,16049,2.0,16739,Rural
Jefferson,16051,27.5,30082,Rural
Jerome,16053,40.9,24424,Rural
Kootenai,16055,134.6,167496,Rural
Latah,16057,37.4,40220,Rural
Lemhi,16059,1.8,8086,Rural
Lewis,16061,8.0,3845,Rural
Lincoln,16063,4.4,5343,Rural
Madison,16065,84.6,39703,Rural
Minidoka,16067,27.9,21102,Rural
Nez Perce,16069,47.8,40563,Rural
Oneida,16071,3.8,4572,Rural
Owyhee,16073,1.5,11868,Rural
Payette,16075,59.3,24110,Rural
Power,16077,5.5,7700,Rural
Shoshone,16079,4.9,12957,Rural
Teton,16081,27.2,12218,Rural
Twin Falls,16083,45.4,87142,Rural
Valley,16085,3.1,11527,Rural
Washington,16087,7.1,10252,Rural
Adams,17001,76.6,65494,Rural
Alexander,17003,24.2,5704,Rural
Bond,17005,43.3,16461,Rural
Boone,17007,191.0,53626,Rural
Brown,17009,21.6,6594,Rural
Bureau,17011,37.6,32633,Rural
Calhoun,17013,18.6,4727,Rural
Carroll,17015,32.2,14311,Rural
Cass,17017,32.1,12062,Rural
Champaign,17019,209.9,209084,Rural
Christian,17021,45.5,32292,Rural
Clark,17023,30.7,15410,Rural
Clay,17025,28.2,13201,Rural
Clinton,17027,79.3,37592,Rural
Coles,17029,99.7,50655,Rural
Cook,17031,5439.1,5141687,Urban
Crawford,17033,42.1,18657,Rural
Cumberland,17035,31.2,10781,Rural
DeKalb,17037,166.4,105059,Rural
De Witt,17039,39.3,15623,Rural
Douglas,17041,46.7,19465,Rural
DuPage,17043,2813.7,921485,Urban
Edgar,17045,27.5,17161,Rural
Edwards,17047,28.7,6390,Rural
Effingham,17049,71.1,34043,Rural
Fayette,17051,29.8,21360,Rural
Ford,17053,26.7,12962,Rural
Franklin,17055,94.1,38474,Rural
Fulton,17057,39.6,34314,Rural
Gallatin,17059,14.9,4819,Rural
Greene,17061,23.9,12965,Rural
Grundy,17063,122.5,51218,Rural
Hamilton,17065,18.7,8122,Rural
Hancock,17067,22.3,17709,Rural
Hardin,17069,21.6,3836,Rural
Henderson,17071,17.5,6643,Rural
Henry,17073,59.5,48932,Rural
Iroquois,17075,24.3,27127,Rural
Jackson,17077,96.9,56609,Rural
Jasper,17079,19.5,9619,Rural
Jefferson,17081,66.0,37706,Rural
Jersey,17083,59.1,21812,Rural
Jo Daviess,17085,35.3,21246,Rural
Johnson,17087,36.4,12518,Rural
Kane,17089,1025.1,533112,Urban
Kankakee,17091,162.2,109762,Rural
Kendall,17093,404.3,129522,Rural
Knox,17095,69.2,49610,Rural
Lake,17097,1568.7,695969,Urban
LaSalle,17099,95.9,108823,Rural
Lawrence,17101,42.1,15666,Rural
Lee,17103,47.0,34037,Rural
Livingston,17105,34.2,35684,Rural
Logan,17107,46.4,28651,Rural
McDonough,17109,50.2,29617,Rural
McHenry,17111,511.1,308253,Urban
McLean,17113,144.7,171285,Rural
Macon,17115,179.1,103995,Rural
Macoupin,17117,52.1,44932,Rural
Madison,17119,367.9,263254,Rural
Marion,17121,65.1,37255,Rural
Marshall,17123,29.6,11448,Rural
Mason,17125,24.8,13352,Rural
Massac,17127,58.0,13759,Rural
Menard,17129,38.8,12202,Rural
Mercer,17131,27.6,15472,Rural
Monroe,17133,90.3,34748,Rural
Montgomery,17135,40.3,28385,Rural
Morgan,17137,59.0,33554,Rural
Moultrie,17139,43.3,14551,Rural
Ogle,17141,66.9,50723,Rural
Peoria,17143,288.5,178639,Rural
Perry,17145,47.3,20914,Rural
Piatt,17147,37.3,16363,Rural
Pike,17149,18.7,15582,Rural
Pope,17151,11.4,4209,Rural
Pulaski,17153,26.7,5323,Rural
Putnam,17155,35.9,5752,Rural
Randolph,17157,55.2,31763,Rural
Richland,17159,43.2,15537,Rural
Rock Island,17161,331.8,141879,Rural
St. Clair,17163,394.2,259303,Rural
Saline,17165,61.9,23520,Rural
Sangamon,17167,223.9,194375,Rural
Schuyler,17169,15.5,6777,Rural
Scott,17171,19.7,4953,Rural
Shelby,17173,28.5,21646,Rural
Stark,17175,18.6,5346,Rural
Stephenson,17177,78.8,44482,Rural
Tazewell,17179,203.1,131789,Rural
Union,17181,40.3,16660,Rural
Vermilion,17183,84.2,75598,Rural
Wabash,17185,51.6,11511,Rural
Warren,17187,31.0,16819,Rural
Washington,17189,24.7,13882,Rural
Wayne,17191,22.7,16222,Rural
White,17193,27.4,13544,Rural
Whiteside,17195,80.6,55173,Rural
Will,17197,826.7,691843,Urban
Williamson,17199,158.7,66668,Rural
Winnebago,17201,550.2,282447,Urban
Woodford,17203,72.9,38482,Rural
Adams,18001,105.7,35820,Rural
Allen,18003,578.6,380342,Urban
Bartholomew,18005,205.9,83784,Rural
Benton,18007,21.5,8758,Rural
Blackford,18009,71.2,11746,Rural
Boone,18011,161.4,68257,Rural
Brown,18013,48.6,15150,Rural
Carroll,18015,54.5,20278,Rural
Cass,18017,91.5,37701,Rural
Clark,18019,318.7,118841,Rural
Clay,18021,73.4,26255,Rural
Clinton,18023,80.1,32464,Rural
Crawford,18025,34.6,10589,Rural
Daviess,18027,77.6,33346,Rural
Dearborn,18029,162.5,49577,Rural
Decatur,18031,71.4,26603,Rural
DeKalb,18033,120.2,43616,Rural
Delaware,18035,291.5,114291,Rural
Dubois,18037,100.0,42729,Rural
Elkhart,18039,446.0,206556,Rural
Fayette,18041,107.5,23123,Rural
Floyd,18043,532.8,78823,Urban
Fountain,18045,41.3,16351,Rural
Franklin,18047,59.2,22764,Rural
Fulton,18049,54.3,20009,Rural
Gibson,18051,69.0,33649,Rural
Grant,18053,158.9,65786,Rural
Greene,18055,58.8,31924,Rural
Hamilton,18057,863.4,340425,Urban
Hancock,18059,257.1,78664,Rural
Harrison,18061,84.1,40728,Rural
Hendricks,18063,421.4,171484,Rural
Henry,18065,122.8,48132,Rural
Howard,18067,282.4,82746,Rural
Huntington,18069,95.6,36589,Rural
Jackson,18071,86.9,44263,Rural
Jasper,18073,60.1,33615,Rural
Jay,18075,53.2,20424,Rural
Jefferson,18077,89.9,32430,Rural
Jennings,18079,73.8,27777,Rural
Johnson,18081,496.3,159025,Rural
Knox,18083,71.2,36718,Rural
Kosciusko,18085,149.7,79574,Rural
LaGrange,18087,104.3,39598,Rural
Lake,18089,974.6,486289,Urban
LaPorte,18091,184.0,110084,Rural
Lawrence,18093,101.2,45472,Rural
Madison,18095,287.5,129911,Rural
Marion,18097,2431.7,963666,Urban
Marshall,18099,104.2,46235,Rural
Martin,18101,30.6,10273,Rural
Miami,18103,94.9,35487,Rural
Monroe,18105,376.2,148408,Rural
Montgomery,18107,76.1,38394,Rural
Morgan,18109,174.9,70648,Rural
Newton,18111,34.9,14008,Rural
Noble,18113,116.5,47851,Rural
Ohio,18115,68.1,5869,Rural
Orange,18117,49.4,19663,Rural
Owen,18119,54.1,20846,Rural
Parke,18121,38.1,16948,Rural
Perry,18123,50.5,19281,Rural
Pike,18125,37.2,12430,Rural
Porter,18127,409.0,171029,Rural
Posey,18129,62.1,25449,Rural
Pulaski,18131,28.4,12335,Rural
Putnam,18133,78.7,37798,Rural
Randolph,18135,54.5,24657,Rural
Ripley,18137,63.6,28378,Rural
Rush,18139,40.7,16614,Rural
St. Joseph,18141,594.1,271994,Urban
Scott,18143,125.9,23964,Rural
Shelby,18145,109.1,44860,Rural
Spencer,18147,51.1,20274,Rural
Starke,18149,74.5,23028,Rural
Steuben,18151,112.3,34693,Rural
Sullivan,18153,46.3,20707,Rural
Switzerland,18155,48.8,10775,Rural
Tippecanoe,18157,391.0,195403,Rural
Tipton,18159,58.2,15174,Rural
Union,18161,43.8,7057,Rural
Vanderburgh,18163,778.3,181713,Urban
Vermillion,18165,60.4,15510,Rural
Vigo,18167,265.4,107030,Rural
Wabash,18169,75.3,31045,Rural
Warren,18171,22.7,8278,Rural
Warrick,18173,164.3,63226,Rural
Washington,18175,54.7,28117,Rural
Wayne,18177,164.1,65916,Rural
Wells,18179,77.1,28395,Rural
White,18181,47.7,24105,Rural
Whitley,18183,101.4,34042,Rural
Adair,19001,12.6,7170,Rural
Adams,19003,8.5,3604,Rural
Allamakee,19005,21.4,13678,Rural
Appanoose,19007,25.0,12450,Rural
Audubon,19009,12.4,5506,Rural
Benton,19011,35.9,25689,Rural
Black Hawk,19013,232.1,131305,Rural
Boone,19015,46.0,26284,Rural
Bremer,19017,57.7,25119,Rural
Buchanan,19019,37.1,21204,Rural
Buena Vista,19021,34.0,19526,Rural
Butler,19023,24.9,14455,Rural
Calhoun,19025,17.0,9677,Rural
Carroll,19027,35.4,20168,Rural
Cass,19029,22.7,12813,Rural
Cedar,19031,32.3,18697,Rural
Cerro Gordo,19033,74.7,42479,Rural
Cherokee,19035,19.5,11262,Rural
Chickasaw,19037,23.6,11923,Rural
Clarke,19039,21.8,9388,Rural
Clay,19041,28.2,16001,Rural
Clayton,19043,22.6,17560,Rural
Clinton,19045,66.8,46418,Rural
Crawford,19047,23.5,16783,Rural
Dallas,19049,160.3,94355,Rural
Davis,19051,17.9,9006,Rural
Decatur,19053,14.8,7866,Rural
Delaware,19055,29.4,16992,Rural
Des Moines,19057,93.6,38952,Rural
Dickinson,19059,45.5,17330,Rural
Dubuque,19061,160.1,97411,Rural
Emmet,19063,23.2,9178,Rural
Fayette,19065,26.9,19665,Rural
Floyd,19067,31.2,15643,Rural
Franklin,19069,17.3,10075,Rural
Fremont,19071,13.6,6976,Rural
Greene,19073,15.6,8905,Rural
Grundy,19075,24.4,12262,Rural
Guthrie,19077,18.1,10709,Rural
Hamilton,19079,25.6,14785,Rural
Hancock,19081,18.6,10620,Rural
Hardin,19083,29.5,16817,Rural
Harrison,19085,20.2,14088,Rural
Henry,19087,46.0,19962,Rural
Howard,19089,19.4,9170,Rural
Humboldt,19091,22.0,9559,Rural
Ida,19093,15.9,6874,Rural
Iowa,19095,27.6,16214,Rural
Jackson,19097,30.6,19474,Rural
Jasper,19099,51.0,37262,Rural
Jefferson,19101,42.2,18371,Rural
Johnson,19103,246.7,151503,Rural
Jones,19105,36.0,20742,Rural
Keokuk,19107,17.7,10273,Rural
Kossuth,19109,15.2,14813,Rural
Lee,19111,65.1,33690,Rural
Linn,19113,317.2,227370,Rural
Louisa,19115,27.4,11014,Rural
Lucas,19117,20.0,8625,Rural
Lyon,19119,20.0,11753,Rural
Madison,19121,29.3,16431,Rural
Mahaska,19123,38.7,22084,Rural
Marion,19125,60.2,33379,Rural
Marshall,19127,68.8,39366,Rural
Mills,19129,34.6,15143,Rural
Mitchell,19131,22.6,10609,Rural
Monona,19133,12.4,8634,Rural
Monroe,19135,17.8,7717,Rural
Montgomery,19137,23.4,9924,Rural
Muscatine,19139,97.5,42655,Rural
O'Brien,19141,24.1,13782,Rural
Osceola,19143,14.9,5960,Rural
Page,19145,28.3,15126,Rural
Palo Alto,19147,15.7,8880,Rural
Plymouth,19149,29.3,25240,Rural
Pocahontas,19151,11.4,6608,Rural
Polk,19153,857.8,492228,Urban
Pottawattamie,19155,98.2,93310,Rural
Poweshiek,19157,31.8,18620,Rural
Ringgold,19159,9.2,4907,Rural
Sac,19161,16.9,9731,Rural
Scott,19163,378.3,173287,Rural
Shelby,19165,19.4,11476,Rural
Sioux,19167,45.4,34874,Rural
Story,19169,170.3,97573,Rural
Tama,19171,23.4,16853,Rural
Taylor,19173,11.5,6138,Rural
Union,19175,28.9,12249,Rural
Van Buren,19177,14.5,7036,Rural
Wapello,19179,81.0,34994,Rural
Warren,19181,90.9,51792,Rural
Washington,19183,38.7,21999,Rural
Wayne,19185,12.3,6448,Rural
Webster,19187,50.0,35813,Rural
Winnebago,19189,25.8,10339,Rural
Winneshiek,19191,29.0,20000,Rural
Woodbury,19193,118.3,103240,Rural
Worth,19195,18.5,7395,Rural
Wright,19197,21.6,12547,Rural
Allen,20001,24.7,12340,Rural
Anderson,20003,13.6,7875,Rural
Atchison,20005,37.3,16081,Rural
Barber,20007,3.9,4406,Rural
Barton,20009,28.7,25721,Rural
Bourbon,20011,22.9,14570,Rural
Brown,20013,16.8,9572,Rural
Butler,20015,46.9,67021,Rural
Chase,20017,3.4,2664,Rural
Chautauqua,20019,5.1,3251,Rural
Cherokee,20021,33.9,19935,Rural
Cheyenne,20023,2.6,2662,Rural
Clark,20025,2.1,1998,Rural
Clay,20027,12.4,8006,Rural
Cloud,20029,12.3,8780,Rural
Coffey,20031,13.0,8181,Rural
Comanche,20033,2.2,1696,Rural
Cowley,20035,31.0,34915,Rural
Crawford,20037,65.9,38845,Rural
Decatur,20039,3.2,2832,Rural
Dickinson,20041,21.8,18466,Rural
Doniphan,20043,19.4,7616,Rural
Douglas,20045,269.1,122663,Rural
Edwards,20047,4.5,2799,Rural
Elk,20049,3.9,2542,Rural
Ellis,20051,31.7,28555,Rural
Ellsworth,20053,8.5,6103,Rural
Finney,20055,27.9,36362,Rural
Ford,20057,30.4,33385,Rural
Franklin,20059,44.7,25578,Rural
Geary,20061,80.8,31094,Rural
Gove,20063,2.5,2640,Rural
Graham,20065,2.8,2490,Rural
Grant,20067,12.4,7099,Rural
Gray,20069,6.9,5953,Rural
Greeley,20071,1.6,1230,Rural
Greenwood,20073,5.2,5999,Rural
Hamilton,20075,2.5,2526,Rural
Harper,20077,6.8,5428,Rural
Harvey,20079,63.9,34487,Rural
Haskell,20081,6.9,3957,Rural
Hodgeman,20083,2.1,1788,Rural
Jackson,20085,20.1,13166,Rural
Jefferson,20087,35.9,19128,Rural
Jewell,20089,3.2,2881,Rural
Johnson,20091,1276.3,604162,Urban
Kearny,20093,4.4,3822,Rural
Kingman,20095,8.3,7189,Rural
Kiowa,20097,3.4,2478,Rural
Labette,20099,30.3,19583,Rural
Lane,20101,2.1,1541,Rural
Leavenworth,20103,177.0,81920,Rural
Lincoln,20105,4.1,2963,Rural
Linn,20107,16.4,9727,Rural
Logan,20109,2.6,2801,Rural
Lyon,20111,39.2,33227,Rural
McPherson,20113,31.9,28614,Rural
Marion,20115,12.6,11916,Rural
Marshall,20117,10.8,9723,Rural
Meade,20119,4.1,4025,Rural
Miami,20121,59.7,34386,Rural
Mitchell,20123,8.5,5981,Rural
Montgomery,20125,49.4,31784,Rural
Morris,20127,8.1,5625,Rural
Morton,20129,3.5,2555,Rural
Nemaha,20131,14.3,10266,Rural
Neosho,20133,27.9,15964,Rural
Ness,20135,2.6,2754,Rural
Norton,20137,6.1,5363,Rural
Osage,20139,22.7,15990,Rural
Osborne,20141,3.8,3418,Rural
Ottawa,20143,7.9,5722,Rural
Pawnee,20145,8.5,6390,Rural
Phillips,20147,5.9,5242,Rural
Pottawatomie,20149,29.1,24491,Rural
Pratt,20151,12.4,9132,Rural
Rawlins,20153,2.4,2540,Rural
Reno,20155,49.4,61963,Rural
Republic,20157,6.5,4645,Rural
Rice,20159,13.2,9555,Rural
Riley,20161,120.8,73637,Rural
Rooks,20163,5.5,4908,Rural
Rush,20165,4.3,3055,Rural
Russell,20167,7.7,6861,Rural
Saline,20169,75.3,54203,Rural
Scott,20171,6.7,4818,Rural
Sedgwick,20173,517.9,516642,Urban
Seward,20175,33.0,21130,Rural
Shawnee,20177,325.3,176967,Rural
Sheridan,20179,2.8,2527,Rural
Sherman,20181,5.6,5916,Rural
Smith,20183,4.0,3588,Rural
Stafford,20185,5.3,4163,Rural
Stanton,20187,2.9,1983,Rural
Stevens,20189,7.5,5468,Rural
Sumner,20191,19.3,22826,Rural
Thomas,20193,7.2,7756,Rural
Trego,20195,3.2,2809,Rural
Wabaunsee,20197,8.7,6942,Rural
Wallace,20199,1.7,1520,Rural
Washington,20201,6.0,5393,Rural
Wichita,20203,2.9,2112,Rural
Wilson,20205,14.9,8512,Rural
Woodson,20207,6.3,3147,Rural
Wyandotte,20209,1090.4,165303,Urban
Adair,21001,47.5,19260,Rural
Allen,21003,62.2,21429,Rural
Anderson,21005,113.1,22827,Rural
Ballard,21007,32.0,7885,Rural
Barren,21009,91.1,44408,Rural
Bath,21011,44.9,12521,Rural
Bell,21013,72.4,25981,Rural
Boone,21015,543.5,133897,Urban
Bourbon,21017,68.4,19811,Rural
Boyd,21019,291.9,46668,Rural
Boyle,21021,167.3,30137,Rural
Bracken,21023,40.4,8303,Rural
Breathitt,21025,25.6,12587,Rural
Breckinridge,21027,36.3,20572,Rural
Bullitt,21029,276.2,82027,Rural
Butler,21031,30.3,12925,Rural
Caldwell,21033,37.1,12777,Rural
Calloway,21035,101.8,39206,Rural
Campbell,21037,618.6,93597,Urban
Carlisle,21039,25.2,4773,Rural
Carroll,21041,82.8,10645,Rural
Carter,21043,65.3,26756,Rural
Casey,21045,36.5,16227,Rural
Christian,21047,98.2,70447,Rural
Clark,21049,144.2,36413,Rural
Clay,21051,42.4,19892,Rural
Clinton,21053,52.0,10253,Rural
Crittenden,21055,24.5,8809,Rural
Cumberland,21057,21.7,6613,Rural
Daviess,21059,222.2,101862,Rural
Edmonson,21061,40.2,12187,Rural
Elliott,21063,32.2,7549,Rural
Estill,21065,55.9,14154,Rural
Fayette,21067,1141.9,323890,Urban
Fleming,21069,41.9,14596,Rural
Floyd,21071,90.3,35516,Rural
Franklin,21073,246.2,51137,Rural
Fulton,21075,29.1,5977,Rural
Gallatin,21077,88.1,8916,Rural
Garrard,21079,77.1,17742,Rural
Grant,21081,97.4,25116,Rural
Graves,21083,67.6,37298,Rural
Grayson,21085,53.4,26514,Rural
Green,21087,38.4,10978,Rural
Greenup,21089,101.9,35101,Rural
Hancock,21091,46.5,8732,Rural
Hardin,21093,178.8,111419,Rural
Harlan,21095,55.8,26005,Rural
Harrison,21097,61.8,18946,Rural
Hart,21099,46.3,19092,Rural
Henderson,21101,103.5,45206,Rural
Henry,21103,56.6,16195,Rural
Hickman,21105,18.0,4365,Rural
Hopkins,21107,82.5,44706,Rural
Jackson,21109,38.7,13363,Rural
Jefferson,21111,2019.3,768182,Urban
Jessamine,21113,316.1,54401,Rural
Johnson,21115,84.7,22187,Rural
Kenton,21117,1044.0,167308,Urban
Knott,21119,42.1,14796,Rural
Knox,21121,80.6,31143,Rural
Larue,21123,55.3,14459,Rural
Laurel,21125,140.5,60974,Rural
Lawrence,21127,36.8,15289,Rural
Lee,21129,35.2,7356,Rural
Leslie,21131,24.6,9850,Rural
Letcher,21133,63.6,21497,Rural
Lewis,21135,27.5,13270,Rural
Lincoln,21137,73.6,24593,Rural
Livingston,21139,29.4,9210,Rural
Logan,21141,49.2,27161,Rural
Lyon,21143,38.3,8180,Rural
McCracken,21145,263.5,65549,Rural
McCreary,21147,40.5,17287,Rural
McLean,21149,36.5,9216,Rural
Madison,21151,213.6,93427,Rural
Magoffin,21153,39.4,12144,Rural
Marion,21155,56.4,19342,Rural
Marshall,21157,103.5,31193,Rural
Martin,21159,48.6,11150,Rural
Mason,21161,71.2,17094,Rural
Meade,21163,94.1,28744,Rural
Menifee,21165,32.0,6515,Rural
Mercer,21167,88.7,22066,Rural
Metcalfe,21169,34.8,10080,Rural
Monroe,21171,32.4,10684,Rural
Montgomery,21173,143.3,28279,Rural
Morgan,21175,35.1,13368,Rural
Muhlenberg,21177,65.5,30607,Rural
Nelson,21179,111.1,46384,Rural
Nicholas,21181,37.4,7296,Rural
Ohio,21183,40.9,24040,Rural
Oldham,21185,357.0,66836,Rural
Owen,21187,31.2,10938,Rural
Owsley,21189,22.4,4419,Rural
Pendleton,21191,52.6,14585,Rural
Perry,21193,75.5,25655,Rural
Pike,21195,73.4,57756,Rural
Powell,21197,69.4,12430,Rural
Pulaski,21199,99.1,65247,Rural
Robertson,21201,21.2,2114,Rural
Rockcastle,21203,52.7,16696,Rural
Rowan,21205,87.5,24470,Rural
Russell,21207,70.9,17993,Rural
Scott,21209,204.0,57473,Rural
Shelby,21211,130.3,49463,Rural
Simpson,21213,79.9,18716,Rural
Spencer,21215,103.9,19404,Rural
Taylor,21217,97.0,25824,Rural
Todd,21219,32.9,12303,Rural
Trigg,21221,33.3,14711,Rural
Trimble,21223,56.0,8492,Rural
Union,21225,42.0,14384,Rural
Warren,21227,247.1,133825,Rural
Washington,21229,41.0,12179,Rural
Wayne,21231,44.4,20334,Rural
Webster,21233,39.0,12954,Rural
Whitley,21235,83.2,36409,Rural
Wolfe,21237,32.2,7155,Rural
Woodford,21239,142.4,26877,Rural
Acadia,22001,94.6,61989,Rural
Allen,22003,33.7,25676,Rural
Ascension,22005,438.3,127103,Rural
Assumption,22007,64.4,21818,Rural
Avoyelles,22009,48.2,40123,Rural
Beauregard,22011,32.5,37596,Rural
Bienville,22013,16.3,13206,Rural
Bossier,22015,151.6,127361,Rural
Caddo,22017,272.7,239555,Rural
Calcasieu,22019,191.6,203807,Rural
Caldwell,22021,18.7,9922,Rural
Cameron,22023,5.4,6937,Rural
Catahoula,22025,13.4,9463,Rural
Claiborne,22027,20.8,15679,Rural
Concordia,22029,27.5,19192,Rural
De Soto,22031,31.5,27557,Rural
East Baton Rouge,22033,964.4,439143,Urban
East Carroll,22035,16.3,6839,Rural
East Feliciana,22037,42.2,19155,Rural
Evangeline,22039,50.4,33372,Rural
Franklin,22041,32.0,20001,Rural
Grant,22043,34.9,22450,Rural
Iberia,22045,121.2,69594,Rural
Iberville,22047,52.6,32528,Rural
Jackson,22049,27.7,15757,Rural
Jefferson,22051,1462.2,432282,Urban
Jefferson Davis,22053,48.3,31440,Rural
Lafayette,22055,911.1,244823,Urban
Lafourche,22057,91.4,97658,Rural
LaSalle,22059,23.9,14910,Rural
Lincoln,22061,99.0,46719,Rural
Livingston,22063,218.0,141300,Rural
Madison,22065,17.5,10897,Rural
Morehouse,22067,31.2,24816,Rural
Natchitoches,22069,30.4,38093,Rural
Orleans,22071,2303.2,390214,Urban
Ouachita,22073,250.7,153043,Rural
Plaquemines,22075,29.7,23189,Rural
Pointe Coupee,22077,39.0,21756,Rural
Rapides,22079,98.4,129661,Rural
Red River,22081,21.7,8425,Rural
Richland,22083,35.9,20095,Rural
Sabine,22085,27.6,23944,Rural
St. Bernard,22087,125.5,47373,Rural
St. Charles,22089,190.7,53228,Rural
St. Helena,22091,24.8,10142,Rural
St. James,22093,87.1,21046,Rural
St. John the Baptist,22095,200.9,42809,Rural
St. Landry,22097,88.8,82041,Rural
St. Martin,22099,72.4,53436,Rural
St. Mary,22101,88.4,49119,Rural
St. Tammany,22103,309.5,261693,Rural
Tangipahoa,22105,170.9,135267,Rural
Tensas,22107,7.1,4301,Rural
Terrebonne,22109,89.5,110262,Rural
Union,22111,25.3,22151,Rural
Vermilion,22113,50.7,59529,Rural
Vernon,22115,35.6,47214,Rural
Washington,22117,69.1,46248,Rural
Webster,22119,64.6,38281,Rural
West Baton Rouge,22121,138.0,26549,Rural
West Carroll,22123,30.1,10831,Rural
West Feliciana,22125,38.7,15615,Rural
Winn,22127,14.6,13859,Rural
Androscoggin,23001,231.7,108421,Rural
Aroostook,23003,10.1,67059,Rural
Cumberland,23005,354.1,295766,Rural
Franklin,23007,17.9,30320,Rural
Hancock,23009,34.8,55212,Rural
Kennebec,23011,141.3,122609,Rural
Knox,23013,109.3,39899,Rural
Lincoln,23015,76.3,34773,Rural
Oxford,23017,28.0,58150,Rural
Penobscot,23019,44.9,152403,Rural
Piscataquis,23021,4.3,16843,Rural
Sagadahoc,23023,141.8,35986,Rural
Somerset,23025,12.9,50658,Rural
Waldo,23027,54.6,39833,Rural
Washington,23029,12.3,31523,Rural
York,23031,210.6,208640,Rural
Allegany,24001,166.1,70473,Rural
Anne Arundel,24003,1400.2,580939,Urban
Baltimore,24005,1384.3,828241,Urban
Calvert,24009,435.4,92797,Rural
Caroline,24011,104.9,33496,Rural
Carroll,24013,377.6,168996,Rural
Cecil,24015,297.8,103108,Rural
Charles,24017,358.3,164018,Rural
Dorchester,24019,59.1,31955,Rural
Frederick,24021,395.6,261206,Rural
Garrett,24023,44.9,29058,Rural
Harford,24025,586.6,256399,Urban
Howard,24027,1305.0,327213,Urban
Kent,24029,70.2,19455,Rural
Montgomery,24031,2140.9,1051715,Urban
Prince George's,24033,1881.0,907925,Urban
Queen Anne's,24035,136.1,50635,Rural
St. Mary's,24037,318.5,113763,Rural
Somerset,24039,80.3,25663,Rural
Talbot,24041,138.7,37249,Rural
Washington,24043,331.0,151544,Rural
Wicomico,24045,277.7,103987,Rural
Worcester,24047,112.3,52568,Rural
Baltimore City,24510,7301.7,591025,Urban
Barnstable,25001,542.4,213558,Urban
Berkshire,25003,135.0,125118,Rural
Bristol,25005,1024.4,566571,Urban
Dukes,25007,168.2,17365,Rural
Essex,25009,1605.0,790584,Urban
Franklin,25011,100.6,70350,Rural
Hampden,25013,757.1,467210,Urban
Hampshire,25015,305.4,161026,Rural
Middlesex,25017,1972.6,1613205,Urban
Nantucket,25019,254.5,11444,Rural
Norfolk,25021,1788.2,708325,Urban
Plymouth,25023,792.7,522420,Urban
Suffolk,25025,13810.8,803156,Urban
Worcester,25027,550.9,832339,Urban
Alcona,26001,15.5,10468,Rural
Alger,26003,10.0,9127,Rural
Allegan,26005,143.6,118523,Rural
Alpena,26007,49.7,28433,Rural
Antrim,26009,49.3,23435,Rural
Arenac,26011,41.1,14926,Rural
Baraga,26013,9.1,8202,Rural
Barry,26015,111.7,61769,Rural
Bay,26017,233.5,103283,Rural
Benzie,26019,55.8,17846,Rural
Berrien,26021,270.4,153540,Rural
Branch,26023,86.1,43581,Rural
Calhoun,26025,190.3,134374,Rural
Cass,26027,105.9,51901,Rural
Charlevoix,26029,62.9,26199,Rural
Cheboygan,26031,35.4,25310,Rural
Chippewa,26033,24.0,37399,Rural
Clare,26035,55.1,31079,Rural
Clinton,26037,141.1,79912,Rural
Crawford,26039,25.3,14076,Rural
Delta,26041,30.6,35868,Rural
Dickinson,26043,33.2,25277,Rural
Eaton,26045,192.1,110494,Rural
Emmet,26047,71.8,33587,Rural
Genesee,26049,637.3,405946,Urban
Gladwin,26051,50.9,25558,Rural
Gogebic,26053,13.0,14313,Rural
Grand Traverse,26055,201.1,93397,Rural
Gratiot,26057,71.8,40801,Rural
Hillsdale,26059,76.3,45635,Rural
Houghton,26061,35.3,35666,Rural
Huron,26063,37.1,30999,Rural
Ingham,26065,525.7,292346,Urban
Ionia,26067,113.5,64832,Rural
Iosco,26069,45.9,25206,Rural
Iron,26071,9.5,11105,Rural
Isabella,26073,121.3,69485,Rural
Jackson,26075,226.2,158744,Rural
Kalamazoo,26077,472.7,265478,Rural
Kalkaska,26079,32.4,18149,Rural
Kent,26081,776.9,658027,Urban
Keweenaw,26083,4.0,2136,Rural
Lake,26085,20.8,11793,Rural
Lapeer,26087,136.4,87739,Rural
Leelanau,26089,62.9,21848,Rural
Lenawee,26091,131.7,98686,Rural
Livingston,26093,340.9,192671,Rural
Luce,26095,6.9,6223,Rural
Mackinac,26097,10.6,10825,Rural
Macomb,26099,1828.4,876216,Urban
Manistee,26101,45.5,24650,Rural
Marquette,26103,37.0,66996,Rural
Mason,26105,59.0,29227,Rural
Mecosta,26107,78.5,43589,Rural
Menominee,26109,21.9,22828,Rural
Midland,26111,161.3,83251,Rural
Missaukee,26113,26.8,15152,Rural
Monroe,26115,274.9,151003,Rural
Montcalm,26117,90.8,64068,Rural
Montmorency,26119,17.2,9377,Rural
Muskegon,26121,347.4,173436,Rural
Newaygo,26123,60.5,49187,Rural
Oakland,26125,1450.8,1258791,Urban
Oceana,26127,51.8,26517,Rural
Ogemaw,26129,37.4,21096,Rural
Ontonagon,26131,4.4,5718,Rural
Osceola,26133,41.5,23505,Rural
Oscoda,26135,14.6,8276,Rural
Otsego,26137,48.1,24763,Rural
Ottawa,26139,519.6,292753,Urban
Presque Isle,26141,19.2,12629,Rural
Roscommon,26143,46.5,24186,Rural
Saginaw,26145,238.1,190495,Rural
St. Clair,26147,221.3,159595,Rural
St. Joseph,26149,122.1,61116,Rural
Sanilac,26151,42.8,41226,Rural
Schoolcraft,26153,7.0,8141,Rural
Shiawassee,26155,128.6,68221,Rural
Tuscola,26157,65.0,52220,Rural
Van Buren,26159,124.8,75817,Rural
Washtenaw,26161,520.3,367335,Urban
Wayne,26163,2855.2,1747584,Urban
Wexford,26165,59.7,33744,Rural
Aitkin,27001,8.8,15950,Rural
Anoka,27003,846.5,358093,Urban
Becker,27005,26.3,34547,Rural
Beltrami,27007,18.9,47343,Rural
Benton,27009,100.5,41022,Rural
Big Stone,27011,10.0,4997,Rural
Blue Earth,27013,90.7,67798,Rural
Brown,27015,40.9,25016,Rural
Carlton,27017,41.8,36007,Rural
Carver,27019,298.1,105614,Rural
Cass,27021,14.8,29924,Rural
Chippewa,27023,20.3,11794,Rural
Chisago,27025,137.0,56834,Rural
Clay,27027,61.5,64269,Rural
Clearwater,27029,8.8,8825,Rural
Cook,27031,3.8,5463,Rural
Cottonwood,27033,17.5,11207,Rural
Crow Wing,27035,65.4,65351,Rural
Dakota,27037,765.1,430141,Urban
Dodge,27039,47.8,21004,Rural
Douglas,27041,60.1,38331,Rural
Faribault,27043,19.2,13661,Rural
Fillmore,27045,24.5,21098,Rural
Freeborn,27047,42.9,30302,Rural
Goodhue,27049,61.4,46450,Rural
Grant,27051,11.0,6004,Rural
Hennepin,27053,2290.6,1268070,Urban
Houston,27055,33.7,18623,Rural
Hubbard,27057,23.4,21626,Rural
Isanti,27059,93.6,40788,Rural
Itasca,27061,16.9,45217,Rural
Jackson,27063,14.0,9843,Rural
Kanabec,27065,31.4,16383,Rural
Kandiyohi,27067,54.2,43152,Rural
Kittson,27069,3.9,4295,Rural
Koochiching,27071,3.9,12223,Rural
Lac qui Parle,27073,8.7,6623,Rural
Lake,27075,5.1,10704,Rural
Lake of the Woods,27077,2.9,3755,Rural
Le Sueur,27079,64.5,28953,Rural
Lincoln,27081,10.5,5646,Rural
Lyon,27083,35.5,25363,Rural
McLeod,27085,73.2,35959,Rural
Mahnomen,27087,9.9,5527,Rural
Marshall,27089,5.3,9335,Rural
Martin,27091,27.6,19696,Rural
Meeker,27093,38.3,23267,Rural
Mille Lacs,27095,46.1,26396,Rural
Morrison,27097,29.8,33477,Rural
Mower,27099,56.3,40053,Rural
Murray,27101,11.6,8194,Rural
Nicollet,27103,76.5,34332,Rural
Nobles,27105,30.2,21624,Rural
Norman,27107,7.3,6363,Rural
Olmsted,27109,243.0,158737,Rural
Otter Tail,27111,29.9,58991,Rural
Pennington,27113,22.9,14130,Rural
Pine,27115,21.0,29702,Rural
Pipestone,27117,19.5,9088,Rural
Polk,27119,15.9,31371,Rural
Pope,27121,16.9,11296,Rural
Ramsey,27123,3618.9,550844,Urban
Red Lake,27125,9.4,4063,Rural
Redwood,27127,17.3,15174,Rural
Renville,27129,14.8,14540,Rural
Rice,27131,135.2,66997,Rural
Rock,27133,19.3,9327,Rural
Roseau,27135,9.1,15140,Rural
St. Louis,27137,31.9,199427,Rural
Scott,27139,419.9,149681,Rural
Sherburne,27141,225.6,97678,Rural
Sibley,27143,25.3,14884,Rural
Stearns,27145,119.9,161104,Rural
Steele,27147,85.5,36721,Rural
Stevens,27149,17.4,9790,Rural
Swift,27151,12.5,9262,Rural
Todd,27153,26.1,24675,Rural
Traverse,27155,5.7,3262,Rural
Wabasha,27157,41.4,21644,Rural
Wadena,27159,25.6,13737,Rural
Waseca,27161,43.9,18603,Rural
Washington,27163,686.4,263775,Urban
Watonwan,27165,25.0,10854,Rural
Wilkin,27167,8.3,6202,Rural
Winona,27169,80.8,50590,Rural
Wright,27171,210.1,138975,Rural
Yellow Medicine,27173,12.8,9699,Rural
Adams,28001,66.1,30586,Rural
Alcorn,28003,92.7,37067,Rural
Amite,28005,16.8,12302,Rural
Attala,28007,24.7,18183,Rural
Benton,28009,20.4,8289,Rural
Bolivar,28011,34.8,30521,Rural
Calhoun,28013,24.5,14356,Rural
Carroll,28015,15.8,9945,Rural
Chickasaw,28017,34.2,17139,Rural
Choctaw,28019,19.7,8225,Rural
Claiborne,28021,18.3,8934,Rural
Clarke,28023,22.5,15530,Rural
Clay,28025,47.0,19294,Rural
Coahoma,28027,39.7,21949,Rural
Copiah,28029,36.1,28033,Rural
Covington,28031,45.0,18639,Rural
DeSoto,28033,390.9,186116,Rural
Forrest,28035,160.8,74970,Rural
Franklin,28037,13.7,7735,Rural
George,28039,51.6,24684,Rural
Greene,28041,18.7,13318,Rural
Grenada,28043,49.2,20782,Rural
Hancock,28045,101.0,47861,Rural
Harrison,28047,364.2,209061,Rural
Hinds,28049,265.5,230932,Rural
Holmes,28051,22.4,16978,Rural
Humphreys,28053,19.2,8027,Rural
Issaquena,28055,3.2,1340,Rural
Itawamba,28057,44.0,23435,Rural
Jackson,28059,199.3,144027,Rural
Jasper,28061,24.2,16388,Rural
Jefferson,28063,13.4,6968,Rural
Jefferson Davis,28065,27.2,11127,Rural
Jones,28067,98.1,68190,Rural
Kemper,28069,12.8,9840,Rural
Lafayette,28071,86.3,54534,Rural
Lamar,28073,127.9,63597,Rural
Lauderdale,28075,104.9,73839,Rural
Lawrence,28077,29.2,12590,Rural
Leake,28079,39.1,22782,Rural
Lee,28081,190.2,85569,Rural
Leflore,28083,47.4,28111,Rural
Lincoln,28085,58.3,34179,Rural
Lowndes,28087,115.9,58569,Rural
Madison,28089,149.4,106739,Rural
Marion,28091,45.2,24533,Rural
Marshall,28093,50.0,35333,Rural
Monroe,28095,46.1,35241,Rural
Montgomery,28097,24.0,9748,Rural
Neshoba,28099,51.0,29072,Rural
Newton,28101,36.3,20977,Rural
Noxubee,28103,14.9,10372,Rural
Oktibbeha,28105,108.7,49801,Rural
Panola,28107,49.9,34208,Rural
Pearl River,28109,68.8,55767,Rural
Perry,28111,18.5,11992,Rural
Pike,28113,96.2,39360,Rural
Pontotoc,28115,64.8,32248,Rural
Prentiss,28117,60.8,25235,Rural
Quitman,28119,16.7,6750,Rural
Rankin,28121,200.6,155562,Rural
Scott,28123,46.0,28048,Rural
Sharkey,28125,10.0,4306,Rural
Simpson,28127,45.3,26667,Rural
Smith,28129,25.0,15911,Rural
Stone,28131,41.6,18548,Rural
Sunflower,28133,35.3,24623,Rural
Tallahatchie,28135,21.4,13785,Rural
Tate,28137,70.3,28445,Rural
Tippah,28139,48.1,22043,Rural
Tishomingo,28141,45.8,19441,Rural
Tunica,28143,21.1,9588,Rural
Union,28145,69.5,28887,Rural
Walthall,28147,35.4,14288,Rural
Warren,28149,77.0,45287,Rural
Washington,28151,60.1,43570,Rural
Wayne,28153,24.9,20179,Rural
Webster,28155,23.1,9713,Rural
Wilkinson,28157,12.7,8613,Rural
Winston,28159,29.6,17953,Rural
Yalobusha,28161,25.9,12107,Rural
Yazoo,28163,32.1,29636,Rural
Adair,29001,44.6,25278,Rural
Andrew,29003,41.1,17771,Rural
Atchison,29005,9.4,5143,Rural
Audrain,29007,36.7,25393,Rural
Barry,29009,46.2,35938,Rural
Barton,29011,19.9,11769,Rural
Bates,29013,19.4,16194,Rural
Benton,29015,27.8,19564,Rural
Bollinger,29017,19.6,12127,Rural
Boone,29019,264.2,181054,Rural
Buchanan,29021,214.0,87334,Rural
Butler,29023,61.3,42597,Rural
Caldwell,29025,21.2,9047,Rural
Callaway,29027,53.6,44733,Rural
Camden,29029,70.9,46511,Rural
Cape Girardeau,29031,136.7,79067,Rural
Carroll,29033,12.5,8693,Rural
Carter,29035,11.7,5959,Rural
Cass,29037,152.6,106355,Rural
Cedar,29039,30.4,14434,Rural
Chariton,29041,9.9,7434,Rural
Christian,29043,158.4,89131,Rural
Clark,29045,13.5,6818,Rural
Clay,29047,632.7,251367,Urban
Clinton,29049,48.7,20421,Rural
Cole,29051,195.2,76845,Rural
Cooper,29053,31.4,17725,Rural
Crawford,29055,32.2,23941,Rural
Dade,29057,15.5,7583,Rural
Dallas,29059,31.3,16938,Rural
Daviess,29061,14.7,8263,Rural
DeKalb,29063,29.9,12609,Rural
Dent,29065,20.7,15583,Rural
Douglas,29067,16.2,13210,Rural
Dunklin,29069,53.6,29020,Rural
Franklin,29071,113.0,104241,Rural
Gasconade,29073,28.5,14756,Rural
Gentry,29075,13.4,6584,Rural
Greene,29077,435.7,294249,Rural
Grundy,29079,22.5,9808,Rural
Harrison,29081,11.6,8352,Rural
Henry,29083,31.4,21895,Rural
Hickory,29085,24.1,9613,Rural
Holt,29087,9.5,4406,Rural
Howard,29089,21.6,10029,Rural
Howell,29091,43.3,40182,Rural
Iron,29093,18.4,10144,Rural
Jackson,29095,1164.7,704043,Urban
Jasper,29097,190.6,121694,Rural
Jefferson,29099,343.5,225564,Rural
Johnson,29101,65.3,54125,Rural
Knox,29103,7.9,3964,Rural
Laclede,29105,46.8,35808,Rural
Lafayette,29107,52.2,32813,Rural
Lawrence,29109,62.9,38474,Rural
Lewis,29111,19.3,9762,Rural
Lincoln,29113,95.0,59525,Rural
Linn,29115,19.4,11914,Rural
Livingston,29117,28.7,15277,Rural
McDonald,29119,42.4,22872,Rural
Macon,29121,18.9,15121,Rural
Madison,29123,24.5,12109,Rural
Maries,29125,16.5,8707,Rural
Marion,29127,65.4,28568,Rural
Mercer,29129,8.0,3621,Rural
Miller,29131,43.4,25729,Rural
Mississippi,29133,31.9,13128,Rural
Moniteau,29135,38.9,16139,Rural
Monroe,29137,13.4,8664,Rural
Montgomery,29139,21.6,11607,Rural
Morgan,29141,34.6,20699,Rural
New Madrid,29143,25.2,17036,Rural
Newton,29145,93.4,58379,Rural
Nodaway,29147,25.2,22111,Rural
Oregon,29149,13.4,10544,Rural
Osage,29151,22.6,13655,Rural
Ozark,29153,12.3,9172,Rural
Pemiscot,29155,31.8,15677,Rural
Perry,29157,40.3,19115,Rural
Pettis,29159,62.1,42397,Rural
Phelps,29161,66.4,44628,Rural
Pike,29163,27.3,18318,Rural
Platte,29165,249.9,105025,Rural
Polk,29167,50.8,32287,Rural
Pulaski,29169,96.1,52603,Rural
Putnam,29171,9.1,4697,Rural
Ralls,29173,22.0,10319,Rural
Randolph,29175,51.2,24732,Rural
Ray,29177,40.6,23069,Rural
Reynolds,29179,7.8,6283,Rural
Ripley,29181,21.1,13271,Rural
St. Charles,29183,720.4,403742,Urban
St. Clair,29185,14.1,9432,Rural
Ste. Genevieve,29186,36.0,17948,Rural
St. Francois,29187,149.3,67449,Rural
St. Louis,29189,1959.9,995221,Urban
Saline,29195,30.1,22725,Rural
Schuyler,29197,15.2,4669,Rural
Scotland,29199,11.2,4912,Rural
Scott,29201,91.1,38256,Rural
Shannon,29203,8.1,8165,Rural
Shelby,29205,11.9,5940,Rural
Stoddard,29207,35.3,29021,Rural
Stone,29209,69.2,32092,Rural
Sullivan,29211,9.4,6064,Rural
Taney,29213,89.0,56286,Rural
Texas,29215,21.6,25433,Rural
Vernon,29217,24.9,20570,Rural
Warren,29219,83.7,35864,Rural
Washington,29221,32.6,24746,Rural
Wayne,29223,16.9,12852,Rural
Webster,29225,67.0,39714,Rural
Worth,29227,7.6,2016,Rural
Wright,29229,27.0,18393,Rural
St. Louis City,29510,4823.9,298643,Urban
Beaverhead,30001,1.7,9466,Rural
Big Horn,30003,2.6,13231,Rural
Blaine,30005,1.6,6682,Rural
Broadwater,30007,5.3,6304,Rural
Carbon,30009,5.3,10768,Rural
Carter,30011,0.4,1263,Rural
Cascade,30013,30.2,81399,Rural
Chouteau,30015,1.4,5642,Rural
Custer,30017,3.0,11388,Rural
Daniels,30019,1.2,1694,Rural
Dawson,30021,3.6,8566,Rural
Deer Lodge,30023,12.5,9181,Rural
Fallon,30025,1.7,2824,Rural
Fergus,30027,2.5,11044,Rural
Flathead,30029,20.6,104638,Rural
Gallatin,30031,44.4,115484,Rural
Garfield,30033,0.3,1260,Rural
Glacier,30035,4.6,13707,Rural
Golden Valley,30037,0.7,823,Rural
Granite,30039,2.0,3405,Rural
Hill,30041,5.7,16497,Rural
Jefferson,30043,7.4,12296,Rural
Judith Basin,30045,1.1,2020,Rural
Lake,30047,20.5,30557,Rural
Lewis and Clark,30049,20.2,69852,Rural
Liberty,30051,1.6,2339,Rural
Lincoln,30053,5.6,20110,Rural
McCone,30055,0.6,1661,Rural
Madison,30057,2.4,8726,Rural
Meagher,30059,0.8,1872,Rural
Mineral,30061,3.6,4440,Rural
Missoula,30063,46.3,120074,Rural
Musselshell,30065,2.5,4653,Rural
Park,30067,6.0,16709,Rural
Petroleum,30069,0.3,489,Rural
Phillips,30071,0.8,3946,Rural
Pondera,30073,3.6,5895,Rural
Powder River,30075,0.5,1672,Rural
Powell,30077,3.0,6945,Rural
Prairie,30079,0.6,1078,Rural
Ravalli,30081,18.5,44129,Rural
Richland,30083,5.2,10780,Rural
Roosevelt,30085,4.7,10988,Rural
Rosebud,30087,1.8,8902,Rural
Sanders,30089,4.4,12209,Rural
Sheridan,30091,2.0,3297,Rural
Silver Bow,30093,48.8,35052,Rural
Stillwater,30095,5.4,9711,Rural
Sweet Grass,30097,2.0,3757,Rural
Teton,30099,2.7,6171,Rural
Toole,30101,2.5,4721,Rural
Treasure,30103,0.7,701,Rural
Valley,30105,1.5,7401,Rural
Wheatland,30107,1.5,2140,Rural
Wibaux,30109,1.1,966,Rural
Yellowstone,30111,61.5,161935,Rural
Adams,31001,55.5,31243,Rural
Antelope,31003,7.3,6297,Rural
Arthur,31005,0.7,467,Rural
Banner,31007,1.0,752,Rural
Blaine,31009,0.7,464,Rural
Boone,31011,7.6,5185,Rural
Box Butte,31013,10.0,10774,Rural
Boyd,31015,3.6,1923,Rural
Brown,31017,2.4,2963,Rural
Buffalo,31019,51.5,49819,Rural
Burt,31021,13.2,6476,Rural
Butler,31023,13.7,8037,Rural
Cass,31025,47.2,26338,Rural
Cedar,31027,11.3,8397,Rural
Chase,31029,4.4,3941,Rural
Cherry,31031,1.0,5687,Rural
Cheyenne,31033,7.4,8812,Rural
Clay,31035,10.9,6213,Rural
Colfax,31037,25.9,10656,Rural
Cuming,31039,15.5,8848,Rural
Custer,31041,4.2,10790,Rural
Dakota,31043,75.7,20007,Rural
Dawes,31045,6.1,8548,Rural
Dawson,31047,23.2,23508,Rural
Deuel,31049,4.1,1819,Rural
Dixon,31051,11.8,5623,Rural
Dodge,31053,69.2,36585,Rural
Douglas,31055,1742.0,572163,Urban
Dundy,31057,1.8,1689,Rural
Fillmore,31059,9.5,5460,Rural
Franklin,31061,5.2,2978,Rural
Frontier,31063,2.7,2627,Rural
Furnas,31065,6.5,4667,Rural
Gage,31067,25.3,21546,Rural
Garden,31069,1.1,1835,Rural
Garfield,31071,3.5,1979,Rural
Gosper,31073,4.3,1985,Rural
Grant,31075,0.8,619,Rural
Greeley,31077,4.1,2356,Rural
Hall,31079,112.3,61373,Rural
Hamilton,31081,17.2,9364,Rural
Harlan,31083,6.1,3390,Rural
Hayes,31085,1.3,922,Rural
Hitchcock,31087,3.9,2767,Rural
Holt,31089,4.2,10063,Rural
Hooker,31091,1.0,689,Rural
Howard,31093,11.4,6467,Rural
Jefferson,31095,12.4,7042,Rural
Johnson,31097,13.5,5083,Rural
Kearney,31099,12.6,6503,Rural
Keith,31101,7.6,8031,Rural
Keya Paha,31103,1.0,811,Rural
Kimball,31105,3.8,3656,Rural
Knox,31107,7.5,8339,Rural
Lancaster,31109,382.4,320285,Rural
Lincoln,31111,13.6,34915,Rural
Logan,31113,1.3,743,Rural
Loup,31115,1.2,671,Rural
McPherson,31117,0.6,493,Rural
Madison,31119,61.4,35160,Rural
Merrick,31121,16.0,7753,Rural
Morrill,31123,3.2,4623,Rural
Nance,31125,8.0,3527,Rural
Nemaha,31127,17.1,6968,Rural
Nuckolls,31129,7.2,4138,Rural
Otoe,31131,26.0,16034,Rural
Pawnee,31133,6.1,2618,Rural
Perkins,31135,3.3,2897,Rural
Phelps,31137,16.7,9034,Rural
Pierce,31139,12.5,7166,Rural
Platte,31141,49.7,33479,Rural
Polk,31143,11.9,5220,Rural
Red Willow,31145,15.0,10725,Rural
Richardson,31147,14.3,7870,Rural
Rock,31149,1.3,1354,Rural
Saline,31151,24.7,14188,Rural
Sarpy,31153,787.2,188134,Urban
Saunders,31155,28.9,21699,Rural
Scotts Bluff,31157,48.1,35583,Rural
Seward,31159,30.3,17336,Rural
Sheridan,31161,2.2,5256,Rural
Sherman,31163,5.3,2999,Rural
Sioux,31165,0.6,1160,Rural
Stanton,31167,13.8,5901,Rural
Thayer,31169,8.7,5000,Rural
Thomas,31171,1.0,724,Rural
Thurston,31173,18.4,7231,Rural
Valley,31175,7.3,4149,Rural
Washington,31177,53.5,20880,Rural
Wayne,31179,21.4,9468,Rural
Webster,31181,6.1,3494,Rural
Wheeler,31183,1.4,781,Rural
York,31185,23.9,13694,Rural
Churchill,32001,5.1,25044,Rural
Clark,32003,289.6,2285328,Rural
Douglas,32005,69.4,49225,Rural
Elko,32007,3.1,52804,Rural
Esmeralda,32009,0.2,875,Rural
Eureka,32011,0.5,2043,Rural
Humboldt,32013,1.7,16841,Rural
Lander,32015,1.0,5520,Rural
Lincoln,32017,0.5,5183,Rural
Lyon,32019,29.1,58186,Rural
Mineral,32021,1.2,4531,Rural
Nye,32023,2.6,47174,Rural
Pershing,32027,1.1,6770,Rural
Storey,32029,15.9,4173,Rural
Washoe,32031,75.4,475286,Rural
White Pine,32033,1.1,9543,Rural
Carson City,32510,389.5,56347,Rural
Belknap,33001,153.7,61528,Rural
Carroll,33003,52.9,49228,Rural
Cheshire,33005,108.1,76422,Rural
Coos,33007,17.7,31691,Rural
Grafton,33009,52.7,90008,Rural
Hillsborough,33011,476.6,417553,Rural
Merrimack,33013,162.6,151915,Rural
Rockingham,33015,447.6,310982,Rural
Strafford,33017,354.7,130860,Rural
Sullivan,33019,80.5,43259,Rural
Bernalillo,35001,585.9,680099,Urban
Catron,35003,0.5,3547,Rural
Chaves,35005,10.6,64554,Rural
Cibola,35006,5.9,26641,Rural
Colfax,35007,3.2,11933,Rural
Curry,35009,34.7,48765,Rural
De Baca,35011,0.8,1745,Rural
Doa Ana,35013,57.4,218700,Rural
Eddy,35015,14.0,58630,Rural
Grant,35017,6.8,26971,Rural
Guadalupe,35019,1.4,4298,Rural
Harding,35021,0.3,621,Rural
Hidalgo,35023,1.2,4193,Rural
Lea,35025,16.2,71104,Rural
Lincoln,35027,4.1,19639,Rural
Los Alamos,35028,178.8,19514,Rural
Luna,35029,8.0,23697,Rural
McKinley,35031,13.1,71446,Rural
Mora,35033,2.3,4530,Rural
Otero,35035,10.2,67603,Rural
Quay,35037,2.9,8248,Rural
Rio Arriba,35039,6.6,38954,Rural
Roosevelt,35041,7.5,18414,Rural
Sandoval,35043,39.8,147724,Rural
San Juan,35045,22.3,122909,Rural
San Miguel,35047,5.8,27258,Rural
Santa Fe,35049,79.0,150930,Rural
Sierra,35051,2.6,10835,Rural
Socorro,35053,2.5,16588,Rural
Taos,35055,14.9,32827,Rural
Torrance,35057,4.6,15491,Rural
Union,35059,1.1,4056,Rural
Valencia,35061,72.2,76940,Rural
Albany,36001,585.0,305817,Urban
Allegany,36003,44.8,46118,Rural
Bronx,36005,33597.3,1414324,Urban
Broome,36007,269.6,190269,Rural
Cattaraugus,36009,58.2,76112,Rural
Cayuga,36011,110.7,76524,Rural
Chautauqua,36013,119.9,127072,Rural
Chemung,36015,204.9,83466,Rural
Chenango,36017,52.9,47229,Rural
Clinton,36019,77.6,80569,Rural
Columbia,36021,93.8,59510,Rural
Cortland,36023,95.5,47629,Rural
Delaware,36025,30.6,44120,Rural
Dutchess,36027,370.5,294812,Rural
Erie,36029,882.5,920134,Urban
Essex,36031,20.6,36913,Rural
Franklin,36033,30.7,50088,Rural
Fulton,36035,107.8,53413,Rural
Genesee,36037,116.3,57343,Rural
Greene,36039,73.0,47232,Rural
Hamilton,36041,2.6,4418,Rural
Herkimer,36043,43.5,61360,Rural
Jefferson,36045,86.2,109309,Rural
Kings,36047,36095.7,2556145,Urban
Lewis,36049,20.6,26255,Rural
Livingston,36051,99.7,62962,Rural
Madison,36053,108.3,70899,Rural
Monroe,36055,1129.6,742374,Urban
Montgomery,36057,122.3,49299,Rural
Nassau,36059,4771.8,1358613,Urban
New York,36061,71389.7,1629734,Urban
Niagara,36063,401.4,209653,Rural
Oneida,36065,188.7,228726,Rural
Onondaga,36067,592.0,460793,Urban
Ontario,36069,171.0,110132,Rural
Orange,36071,475.3,385834,Rural
Orleans,36073,103.0,40309,Rural
Oswego,36075,123.2,117203,Rural
Otsego,36077,59.4,59549,Rural
Putnam,36079,427.3,98405,Rural
Queens,36081,20747.5,2251771,Urban
Rensselaer,36083,243.6,158904,Rural
Richmond,36085,8172.4,477025,Urban
Rockland,36087,1879.5,326189,Urban
St. Lawrence,36089,40.2,107699,Rural
Saratoga,36091,284.6,230555,Rural
Schenectady,36093,760.7,155578,Urban
Schoharie,36095,49.9,31021,Rural
Schuyler,36097,54.4,17846,Rural
Seneca,36099,105.2,34064,Rural
Steuben,36101,68.5,95301,Rural
Suffolk,36103,1620.0,1477528,Urban
Sullivan,36105,78.1,75624,Rural
Tioga,36107,93.0,48245,Rural
Tompkins,36109,215.7,102377,Rural
Ulster,36111,158.2,177798,Rural
Warren,36113,73.9,64057,Rural
Washington,36115,73.7,61254,Rural
Wayne,36117,148.9,89892,Rural
Westchester,36119,2249.1,968247,Urban
Wyoming,36121,67.2,39858,Rural
Yates,36123,73.5,24867,Rural
Alamance,37001,402.3,170548,Rural
Alexander,37003,144.8,37646,Rural
Alleghany,37005,47.6,11194,Rural
Anson,37007,46.3,24584,Rural
Ashe,37009,64.3,27384,Rural
Avery,37011,71.3,17610,Rural
Beaufort,37013,57.0,47128,Rural
Bertie,37015,27.0,18912,Rural
Bladen,37017,37.4,32704,Rural
Brunswick,37019,171.3,145089,Rural
Buncombe,37021,399.5,262365,Rural
Burke,37023,178.8,90648,Rural
Cabarrus,37025,602.9,218090,Urban
Caldwell,37027,174.7,82384,Rural
Camden,37029,45.5,10941,Rural
Carteret,37031,137.9,69820,Rural
Caswell,37033,53.3,22666,Rural
Catawba,37035,401.3,160021,Rural
Chatham,37037,110.3,75255,Rural
Cherokee,37039,63.3,28826,Rural
Chowan,37041,81.0,13965,Rural
Clay,37043,52.8,11339,Rural
Cleveland,37045,211.8,98313,Rural
Columbus,37047,59.2,55520,Rural
Craven,37049,144.3,102334,Rural
Cumberland,37051,513.8,335139,Urban
Currituck,37053,107.3,28090,Rural
Dare,37055,97.0,37174,Rural
Davidson,37057,304.7,168374,Rural
Davie,37059,163.1,43079,Rural
Duplin,37061,71.9,58698,Rural
Durham,37063,1127.3,322388,Urban
Edgecombe,37065,101.6,51354,Rural
Forsyth,37067,940.2,383727,Urban
Franklin,37069,143.0,70319,Rural
Gaston,37071,634.2,225802,Urban
Gates,37073,34.1,11597,Rural
Graham,37075,29.0,8459,Rural
Granville,37077,114.4,60836,Rural
Greene,37079,79.3,21085,Rural
Guilford,37081,834.4,538745,Urban
Halifax,37083,68.9,49911,Rural
Harnett,37085,229.5,136535,Rural
Haywood,37087,113.3,62720,Rural
Henderson,37089,317.2,118348,Rural
Hertford,37091,66.8,23594,Rural
Hoke,37093,141.7,55362,Rural
Hyde,37095,8.1,4988,Rural
Iredell,37097,319.0,183058,Rural
Jackson,37099,89.7,44012,Rural
Johnston,37101,267.4,211601,Rural
Jones,37103,20.1,9443,Rural
Lee,37105,243.4,62060,Rural
Lenoir,37107,139.6,55919,Rural
Lincoln,37109,291.0,86706,Rural
McDowell,37111,104.3,45955,Rural
Macon,37113,70.1,36140,Rural
Madison,37115,48.7,21893,Rural
Martin,37117,48.7,22446,Rural
Mecklenburg,37119,2126.0,1113690,Urban
Mitchell,37121,67.8,15019,Rural
Montgomery,37123,55.5,27282,Rural
Moore,37125,145.6,101590,Rural
Nash,37127,174.8,94450,Rural
New Hanover,37129,1230.6,235705,Urban
Northampton,37131,36.2,19447,Rural
Onslow,37133,259.3,197802,Rural
Orange,37135,373.6,148696,Rural
Pamlico,37137,38.0,12791,Rural
Pasquotank,37139,176.2,39979,Rural
Pender,37141,73.1,63617,Rural
Perquimans,37143,54.7,13510,Rural
Person,37145,101.0,39630,Rural
Pitt,37147,278.0,181256,Rural
Polk,37149,87.6,20826,Rural
Randolph,37151,184.1,144037,Rural
Richmond,37153,94.7,44875,Rural
Robeson,37155,137.4,130397,Rural
Rockingham,37157,161.4,91290,Rural
Rowan,37159,279.1,142730,Rural
Rutherford,37161,119.3,67294,Rural
Sampson,37163,67.4,63667,Rural
Scotland,37165,109.2,34802,Rural
Stanly,37167,159.7,63091,Rural
Stokes,37169,101.8,45680,Rural
Surry,37171,135.1,71897,Rural
Swain,37173,27.1,14335,Rural
Transylvania,37175,91.5,34620,Rural
Tyrrell,37177,10.3,4005,Rural
Union,37179,382.4,241512,Rural
Vance,37181,175.9,44586,Rural
Wake,37183,1338.7,1118126,Urban
Warren,37185,46.1,19770,Rural
Washington,37187,33.3,11580,Rural
Watauga,37189,180.6,56449,Rural
Wayne,37191,222.9,123306,Rural
Wilkes,37193,90.9,68557,Rural
Wilson,37195,222.7,82008,Rural
Yadkin,37197,112.8,37770,Rural
Yancey,37199,58.1,18176,Rural
Adams,38001,2.2,2206,Rural
Barnes,38003,7.0,10405,Rural
Benson,38005,4.9,6827,Rural
Billings,38007,0.8,928,Rural
Bottineau,38009,3.8,6263,Rural
Bowman,38011,2.6,3008,Rural
Burke,38013,1.9,2106,Rural
Burleigh,38015,58.8,95997,Rural
Cass,38017,103.7,182946,Rural
Cavalier,38019,2.5,3762,Rural
Dickey,38021,4.3,4874,Rural
Divide,38023,1.8,2261,Rural
Dunn,38025,2.2,4425,Rural
Eddy,38027,3.6,2292,Rural
Emmons,38029,2.1,3245,Rural
Foster,38031,5.0,3207,Rural
Golden Valley,38033,1.8,1753,Rural
Grand Forks,38035,48.2,69247,Rural
Grant,38037,1.4,2268,Rural
Griggs,38039,3.2,2236,Rural
Hettinger,38041,2.2,2501,Rural
Kidder,38043,1.8,2478,Rural
LaMoure,38045,3.5,4034,Rural
Logan,38047,1.9,1844,Rural
McHenry,38049,3.1,5733,Rural
McIntosh,38051,2.6,2498,Rural
McKenzie,38053,5.6,15330,Rural
McLean,38055,4.5,9447,Rural
Mercer,38057,7.8,8154,Rural
Morton,38059,16.3,31469,Rural
Mountrail,38061,5.8,10552,Rural
Nelson,38063,2.9,2879,Rural
Oliver,38065,2.7,1965,Rural
Pembina,38067,6.1,6801,Rural
Pierce,38069,3.9,3966,Rural
Ramsey,38071,9.7,11477,Rural
Ransom,38073,6.1,5219,Rural
Renville,38075,2.6,2317,Rural
Richland,38077,11.3,16164,Rural
Rolette,38079,15.6,14096,Rural
Sargent,38081,4.5,3905,Rural
Sheridan,38083,1.3,1309,Rural
Sioux,38085,3.8,4202,Rural
Slope,38087,0.6,746,Rural
Stark,38089,23.7,31594,Rural
Steele,38091,2.7,1893,Rural
Stutsman,38093,9.3,20701,Rural
Towner,38095,2.1,2182,Rural
Traill,38097,9.3,8057,Rural
Walsh,38099,8.3,10637,Rural
Ward,38101,33.5,67410,Rural
Wells,38103,3.0,3834,Rural
Williams,38105,18.3,37963,Rural
Adams,39001,47.5,27725,Rural
Allen,39003,254.1,102294,Rural
Ashland,39005,126.6,53550,Rural
Ashtabula,39007,138.6,97260,Rural
Athens,39009,129.6,65267,Rural
Auglaize,39011,113.9,45702,Rural
Belmont,39013,126.0,67029,Rural
Brown,39015,88.8,43516,Rural
Butler,39017,822.3,384046,Urban
Carroll,39019,68.2,26902,Rural
Champaign,39021,90.9,38950,Rural
Clark,39023,337.6,134171,Rural
Clermont,39025,457.9,207021,Rural
Clinton,39027,102.8,42021,Rural
Columbiana,39029,191.7,101939,Rural
Coshocton,39031,65.0,36658,Rural
Crawford,39033,103.4,41534,Rural
Cuyahoga,39035,2700.0,1234398,Urban
Darke,39037,85.5,51136,Rural
Defiance,39039,92.7,38122,Rural
Delaware,39041,474.9,210414,Rural
Erie,39043,295.6,74370,Rural
Fairfield,39045,313.6,158181,Rural
Fayette,39047,70.3,28561,Rural
Franklin,39049,2479.2,1319380,Urban
Fulton,39051,104.0,42167,Rural
Gallia,39053,64.1,29909,Rural
Geauga,39055,234.3,93749,Rural
Greene,39057,410.2,169725,Rural
Guernsey,39059,74.5,38918,Rural
Hamilton,39061,2017.0,818738,Urban
Hancock,39063,142.7,75810,Rural
Hardin,39065,66.8,31407,Rural
Harrison,39067,37.4,15059,Rural
Henry,39069,64.9,26991,Rural
Highland,39071,78.2,43244,Rural
Hocking,39073,67.2,28312,Rural
Holmes,39075,103.8,43861,Rural
Huron,39077,118.7,58344,Rural
Jackson,39079,77.2,32454,Rural
Jefferson,39081,160.1,65356,Rural
Knox,39083,119.1,62577,Rural
Lake,39085,1014.5,230796,Urban
Lawrence,39087,131.4,59582,Rural
Licking,39089,260.3,177657,Rural
Logan,39091,99.9,45788,Rural
Lorain,39093,632.7,310712,Urban
Lucas,39095,1255.5,427945,Urban
Madison,39097,96.5,44946,Rural
Mahoning,39099,557.5,229499,Urban
Marion,39101,161.1,65056,Rural
Medina,39103,427.9,180310,Rural
Meigs,39105,53.4,22949,Rural
Mercer,39107,89.1,41200,Rural
Miami,39109,264.3,107451,Rural
Monroe,39111,30.0,13654,Rural
Montgomery,39113,1153.7,532475,Urban
Morgan,39115,34.9,14529,Rural
Morrow,39117,87.2,35419,Rural
Muskingum,39119,130.0,86365,Rural
Noble,39121,36.3,14439,Rural
Ottawa,39123,159.4,40643,Rural
Paulding,39125,44.9,18678,Rural
Perry,39127,88.7,36189,Rural
Pickaway,39129,117.1,58684,Rural
Pike,39131,63.2,27846,Rural
Portage,39133,333.8,162706,Rural
Preble,39135,96.5,40907,Rural
Putnam,39137,70.2,33863,Rural
Richland,39139,245.5,121566,Rural
Ross,39141,111.1,76585,Rural
Sandusky,39143,143.3,58549,Rural
Scioto,39145,123.6,75397,Rural
Seneca,39147,100.2,55227,Rural
Shelby,39149,119.2,48586,Rural
Stark,39151,645.4,371267,Urban
Summit,39153,1312.7,541823,Urban
Trumbull,39155,320.5,198183,Rural
Tuscarawas,39157,162.2,92063,Rural
Union,39159,137.4,59309,Rural
Van Wert,39161,69.2,28311,Rural
Vinton,39163,31.8,13108,Rural
Warren,39165,587.8,235882,Urban
Washington,39167,94.9,59961,Rural
Wayne,39169,208.6,115744,Rural
Williams,39171,87.3,36762,Rural
Wood,39173,212.3,131035,Rural
Wyandot,39175,53.5,21773,Rural
Adair,40001,38.6,22152,Rural
Alfalfa,40003,6.6,5676,Rural
Atoka,40005,14.1,13789,Rural
Beaver,40007,2.9,5290,Rural
Beckham,40009,24.2,21827,Rural
Blaine,40011,10.2,9424,Rural
Bryan,40013,53.4,48290,Rural
Caddo,40015,22.4,28682,Rural
Canadian,40017,166.9,149690,Rural
Carter,40019,58.6,48144,Rural
Cherokee,40021,65.1,48761,Rural
Choctaw,40023,19.0,14665,Rural
Cimarron,40025,1.2,2128,Rural
Cleveland,40027,529.3,285168,Urban
Coal,40029,10.6,5485,Rural
Comanche,40031,112.8,120613,Rural
Cotton,40033,8.9,5636,Rural
Craig,40035,18.6,14167,Rural
Creek,40037,75.4,71611,Rural
Custer,40039,29.3,28960,Rural
Delaware,40041,58.5,43194,Rural
Dewey,40043,4.9,4882,Rural
Ellis,40045,3.1,3850,Rural
Garfield,40047,57.5,60833,Rural
Garvin,40049,34.6,27750,Rural
Grady,40051,51.0,56146,Rural
Grant,40053,4.3,4334,Rural
Greer,40055,8.9,5714,Rural
Harmon,40057,4.9,2638,Rural
Harper,40059,3.6,3693,Rural
Haskell,40061,21.9,12650,Rural
Hughes,40063,16.5,13312,Rural
Jackson,40065,30.5,24467,Rural
Jefferson,40067,7.9,5999,Rural
Johnston,40069,17.2,11075,Rural
Kay,40071,47.3,43528,Rural
Kingfisher,40073,17.6,15796,Rural
Kiowa,40075,8.6,8695,Rural
Latimer,40077,13.9,10065,Rural
Le Flore,40079,31.4,49861,Rural
Lincoln,40081,36.7,34994,Rural
Logan,40083,64.9,48284,Rural
Love,40085,20.0,10291,Rural
McClain,40087,71.5,40777,Rural
McCurtain,40089,17.7,32706,Rural
McIntosh,40091,31.8,19679,Rural
Major,40093,8.0,7629,Rural
Marshall,40095,45.9,17047,Rural
Mayes,40097,62.8,41139,Rural
Murray,40099,33.9,14116,Rural
Muskogee,40101,83.9,68022,Rural
Noble,40103,15.2,11126,Rural
Nowata,40105,17.7,10041,Rural
Okfuskee,40107,19.4,12019,Rural
Oklahoma,40109,1127.7,799370,Urban
Okmulgee,40111,55.2,38503,Rural
Osage,40113,20.9,46988,Rural
Ottawa,40115,66.1,31100,Rural
Pawnee,40117,28.9,16396,Rural
Payne,40119,119.3,81665,Rural
Pittsburg,40121,33.4,43654,Rural
Pontotoc,40123,53.1,38275,Rural
Pottawatomie,40125,92.5,72862,Rural
Pushmataha,40127,8.0,11128,Rural
Roger Mills,40129,3.1,3580,Rural
Rogers,40131,137.4,92825,Rural
Seminole,40133,38.3,24230,Rural
Sequoyah,40135,61.6,41449,Rural
Stephens,40137,49.6,43180,Rural
Texas,40139,9.7,19803,Rural
Tillman,40141,8.3,7232,Rural
Tulsa,40143,1144.5,652649,Urban
Wagoner,40145,145.5,81685,Rural
Washington,40147,124.1,51566,Rural
Washita,40149,10.9,10928,Rural
Woods,40151,6.8,8763,Rural
Woodward,40153,16.2,20102,Rural
Baker,41001,5.3,16165,Rural
Benton,41003,137.8,93142,Rural
Clackamas,41005,224.8,420373,Rural
Clatsop,41007,48.9,40507,Rural
Columbia,41009,80.0,52605,Rural
Coos,41011,40.7,64908,Rural
Crook,41013,8.3,24708,Rural
Curry,41015,14.2,23084,Rural
Deschutes,41017,66.2,199817,Rural
Douglas,41019,22.2,111731,Rural
Gilliam,41021,1.6,1927,Rural
Grant,41023,1.6,7215,Rural
Harney,41025,0.7,7438,Rural
Hood River,41027,44.9,23451,Rural
Jackson,41029,79.9,222304,Rural
Jefferson,41031,13.9,24820,Rural
Josephine,41033,53.7,88059,Rural
Klamath,41035,11.5,68578,Rural
Lake,41037,1.0,7906,Rural
Lane,41039,84.4,384378,Rural
Lincoln,41041,51.4,50373,Rural
Linn,41043,57.0,130633,Rural
Malheur,41045,3.1,30680,Rural
Marion,41047,295.9,349860,Rural
Morrow,41049,5.7,11642,Rural
Multnomah,41051,1886.9,813794,Urban
Polk,41053,117.1,86735,Rural
Sherman,41055,2.2,1789,Rural
Tillamook,41057,24.7,27224,Rural
Umatilla,41059,24.3,78120,Rural
Union,41061,13.2,26857,Rural
Wallowa,41063,2.3,7261,Rural
Wasco,41065,11.3,26839,Rural
Washington,41067,832.3,602808,Urban
Wheeler,41069,0.8,1341,Rural
Yamhill,41071,150.7,107859,Rural
Adams,42001,199.0,103207,Rural
Allegheny,42003,1667.2,1217156,Urban
Armstrong,42005,99.0,64671,Rural
Beaver,42007,377.6,164155,Rural
Bedford,42009,47.3,47927,Rural
Berks,42011,492.3,421652,Rural
Blair,42013,232.0,121996,Rural
Bradford,42015,52.6,60314,Rural
Bucks,42017,1042.1,629744,Urban
Butler,42019,239.2,188610,Rural
Cambria,42021,189.2,130245,Rural
Cameron,42023,11.2,4429,Rural
Carbon,42025,169.0,64450,Rural
Centre,42027,146.4,162483,Rural
Chester,42029,701.0,526101,Urban
Clarion,42031,64.0,38447,Rural
Clearfield,42033,69.3,79290,Rural
Clinton,42035,43.6,38697,Rural
Columbia,42037,134.9,65158,Rural
Crawford,42039,83.6,84595,Rural
Cumberland,42041,466.6,254512,Rural
Dauphin,42043,530.7,278648,Urban
Delaware,42045,3085.2,567194,Urban
Elk,42047,36.2,29940,Rural
Erie,42049,337.3,269522,Rural
Fayette,42051,163.7,129389,Rural
Forest,42053,17.0,7267,Rural
Franklin,42055,201.3,155441,Rural
Fulton,42057,33.3,14581,Rural
Greene,42059,62.7,36139,Rural
Huntingdon,42061,51.6,45164,Rural
Indiana,42063,101.7,84134,Rural
Jefferson,42065,66.6,43459,Rural
Juniata,42067,63.4,24821,Rural
Lackawanna,42069,457.6,210085,Rural
Lancaster,42071,579.0,546497,Urban
Lawrence,42073,239.0,85588,Rural
Lebanon,42075,393.3,142311,Rural
Lehigh,42077,1071.6,369869,Urban
Luzerne,42079,356.9,317760,Rural
Lycoming,42081,92.3,113354,Rural
McKean,42083,41.5,40628,Rural
Mercer,42085,162.8,109474,Rural
Mifflin,42087,112.3,46166,Rural
Monroe,42089,281.1,170974,Rural
Montgomery,42091,1725.4,833434,Urban
Montour,42093,140.0,18230,Rural
Northampton,42095,828.9,306422,Urban
Northumberland,42097,198.4,90920,Rural
Perry,42099,84.1,46379,Rural
Philadelphia,42101,11806.1,1583217,Urban
Pike,42103,102.9,56097,Rural
Potter,42105,15.3,16510,Rural
Schuylkill,42107,181.9,141622,Rural
Snyder,42109,123.0,40432,Rural
Somerset,42111,68.5,73548,Rural
Sullivan,42113,13.5,6073,Rural
Susquehanna,42115,48.9,40307,Rural
Tioga,42117,35.9,40686,Rural
Union,42119,142.1,44894,Rural
Venango,42121,75.1,50654,Rural
Warren,42123,44.3,39181,Rural
Washington,42125,242.1,207454,Rural
Wayne,42127,70.9,51472,Rural
Westmoreland,42129,340.3,349632,Rural
Wyoming,42131,67.3,26753,Rural
York,42133,498.0,450277,Rural
Bristol,44001,2008.6,48535,Urban
Kent,44003,976.6,164578,Urban
Newport,44005,801.5,82060,Urban
Providence,44007,1560.7,639097,Urban
Washington,44009,382.1,125801,Rural
Abbeville,45001,50.1,24585,Rural
Aiken,45003,160.1,171518,Rural
Allendale,45005,21.1,8610,Rural
Anderson,45007,284.9,203822,Rural
Bamberg,45009,35.7,14055,Rural
Barnwell,45011,38.0,20833,Rural
Beaufort,45013,335.6,193403,Rural
Berkeley,45015,209.8,230499,Rural
Calhoun,45017,38.2,14560,Rural
Charleston,45019,451.1,413253,Rural
Cherokee,45021,146.4,57479,Rural
Chester,45023,55.6,32294,Rural
Chesterfield,45025,57.1,45666,Rural
Clarendon,45027,55.7,33784,Rural
Colleton,45029,35.8,37805,Rural
Darlington,45031,118.9,66725,Rural
Dillon,45033,75.4,30510,Rural
Dorchester,45035,284.8,163262,Rural
Edgefield,45037,54.7,27356,Rural
Fairfield,45039,32.6,22368,Rural
Florence,45041,172.9,138348,Rural
Georgetown,45043,77.3,62903,Rural
Greenville,45045,670.4,526317,Urban
Greenwood,45047,156.0,70953,Rural
Hampton,45049,34.3,19216,Rural
Horry,45051,316.1,358413,Rural
Jasper,45053,46.2,30255,Rural
Kershaw,45055,92.0,66839,Rural
Lancaster,45057,180.5,99144,Rural
Laurens,45059,94.9,67753,Rural
Lee,45061,40.7,16711,Rural
Lexington,45063,430.2,300653,Rural
McCormick,45065,26.4,9488,Rural
Marion,45067,62.6,30622,Rural
Marlboro,45069,54.3,26059,Rural
Newberry,45071,61.2,38569,Rural
Oconee,45073,127.8,80021,Rural
Orangeburg,45075,77.8,86045,Rural
Pickens,45077,257.0,127596,Rural
Richland,45079,550.3,416579,Urban
Saluda,45081,45.4,20567,Rural
Spartanburg,45083,398.8,322177,Rural
Sumter,45085,160.6,106840,Rural
Union,45087,53.3,27393,Rural
Williamsburg,45089,32.4,30265,Rural
York,45091,417.2,283935,Rural
Aurora,46003,3.9,2749,Rural
Beadle,46005,14.7,18514,Rural
Bennett,46007,2.8,3355,Rural
Bon Homme,46009,12.3,6931,Rural
Brookings,46011,44.3,35117,Rural
Brown,46013,22.7,38874,Rural
Brule,46015,6.5,5304,Rural
Buffalo,46017,4.1,1955,Rural
Butte,46019,4.7,10470,Rural
Campbell,46021,1.9,1379,Rural
Charles Mix,46023,8.5,9280,Rural
Clark,46025,3.9,3742,Rural
Clay,46027,34.2,14113,Rural
Codington,46029,40.7,27993,Rural
Corson,46031,1.6,4069,Rural
Custer,46033,5.8,9000,Rural
Davison,46035,45.4,19760,Rural
Day,46037,5.3,5437,Rural
Deuel,46039,7.0,4353,Rural
Dewey,46041,2.6,5882,Rural
Douglas,46043,6.8,2926,Rural
Edmunds,46045,3.4,3825,Rural
Fall River,46047,3.9,6750,Rural
Faulk,46049,2.3,2301,Rural
Grant,46051,10.3,7047,Rural
Gregory,46053,4.1,4198,Rural
Haakon,46055,1.1,1903,Rural
Hamlin,46057,12.2,6185,Rural
Hand,46059,2.2,3193,Rural
Hanson,46061,8.0,3459,Rural
Harding,46063,0.5,1301,Rural
Hughes,46065,23.6,17530,Rural
Hutchinson,46067,9.0,7318,Rural
Hyde,46069,1.5,1304,Rural
Jackson,46071,1.8,3348,Rural
Jerauld,46073,3.8,2022,Rural
Jones,46075,0.9,903,Rural
Kingsbury,46077,5.9,4939,Rural
Lake,46079,22.8,12843,Rural
Lawrence,46081,32.4,25895,Rural
Lincoln,46083,107.0,61748,Rural
Lyman,46085,2.3,3752,Rural
McCook,46087,9.7,5578,Rural
McPherson,46089,2.1,2387,Rural
Marshall,46091,5.9,4974,Rural
Meade,46093,8.2,28509,Rural
Mellette,46095,1.6,2064,Rural
Miner,46097,3.9,2225,Rural
Minnehaha,46099,240.6,194180,Rural
Moody,46101,12.7,6617,Rural
Oglala Lakota,46102,6.7,14118,Rural
Pennington,46103,41.2,114285,Rural
Perkins,46105,1.0,2858,Rural
Potter,46107,2.5,2153,Rural
Roberts,46109,9.5,10415,Rural
Sanborn,46111,4.1,2345,Rural
Spink,46115,4.2,6358,Rural
Stanley,46117,2.2,3110,Rural
Sully,46119,1.4,1392,Rural
Todd,46121,7.3,10138,Rural
Tripp,46123,3.4,5438,Rural
Turner,46125,13.6,8415,Rural
Union,46127,34.8,16018,Rural
Walworth,46129,7.7,5470,Rural
Yankton,46135,43.9,22885,Rural
Ziebach,46137,1.4,2755,Rural
Anderson,47001,229.6,77414,Rural
Bedford,47003,105.5,49949,Rural
Benton,47005,41.2,16232,Rural
Bledsoe,47007,37.1,15092,Rural
Blount,47009,239.6,133854,Rural
Bradley,47011,330.0,108478,Rural
Campbell,47013,83.0,39864,Rural
Cannon,47015,55.7,14792,Rural
Carroll,47017,46.4,27830,Rural
Carter,47019,165.7,56547,Rural
Cheatham,47021,134.8,40761,Rural
Chester,47023,60.8,17376,Rural
Claiborne,47025,73.8,32064,Rural
Clay,47027,32.3,7651,Rural
Cocke,47029,83.2,36168,Rural
Coffee,47031,132.4,56783,Rural
Crockett,47033,53.6,14241,Rural
Cumberland,47035,89.4,60916,Rural
Davidson,47037,1378.1,694617,Urban
Decatur,47039,35.0,11698,Rural
DeKalb,47041,67.7,20614,Rural
Dickson,47043,110.8,54267,Rural
Dyer,47045,72.6,37192,Rural
Fayette,47047,58.6,41325,Rural
Fentress,47049,37.3,18613,Rural
Franklin,47051,76.4,42385,Rural
Gibson,47053,81.6,49209,Rural
Giles,47055,48.4,29581,Rural
Grainger,47057,83.4,23406,Rural
Greene,47059,111.3,69253,Rural
Grundy,47061,37.4,13481,Rural
Hamblen,47063,403.9,65103,Rural
Hamilton,47065,680.5,369150,Urban
Hancock,47067,29.8,6636,Rural
Hardeman,47069,37.5,25022,Rural
Hardin,47071,44.6,25752,Rural
Hawkins,47073,116.8,56894,Rural
Haywood,47075,32.4,17288,Rural
Henderson,47077,54.1,28158,Rural
Henry,47079,57.7,32457,Rural
Hickman,47081,41.3,25297,Rural
Houston,47083,41.2,8246,Rural
Humphreys,47085,35.1,18623,Rural
Jackson,47087,38.4,11826,Rural
Jefferson,47089,199.8,54772,Rural
Johnson,47091,59.8,17837,Rural
Knox,47093,928.7,471965,Urban
Lake,47095,43.1,7147,Rural
Lauderdale,47097,54.0,25499,Rural
Lawrence,47099,71.9,44353,Rural
Lewis,47101,43.7,12332,Rural
Lincoln,47103,60.4,34465,Rural
Loudon,47105,237.4,54412,Rural
McMinn,47107,125.5,53988,Rural
McNairy,47109,45.7,25740,Rural
Macon,47111,80.7,24780,Rural
Madison,47113,176.2,98153,Rural
Marion,47115,58.3,29043,Rural
Marshall,47117,92.2,34599,Rural
Maury,47119,158.5,97197,Rural
Meigs,47121,64.1,12517,Rural
Monroe,47123,73.6,46760,Rural
Montgomery,47125,390.4,210495,Rural
Moore,47127,50.3,6497,Rural
Morgan,47129,41.1,21456,Rural
Obion,47131,55.2,30090,Rural
Overton,47133,51.6,22347,Rural
Perry,47135,19.6,8120,Rural
Pickett,47137,31.1,5075,Rural
Polk,47139,38.8,16885,Rural
Putnam,47141,201.4,80766,Rural
Rhea,47143,105.8,33353,Rural
Roane,47145,148.6,53591,Rural
Robertson,47147,151.3,72075,Rural
Rutherford,47149,540.9,335013,Urban
Scott,47151,41.6,22142,Rural
Sequatchie,47153,56.8,15090,Rural
Sevier,47155,166.5,98658,Rural
Shelby,47157,1226.8,936255,Urban
Smith,47159,64.4,20248,Rural
Stewart,47161,30.0,13769,Rural
Sullivan,47163,385.0,159132,Rural
Sumner,47165,363.9,192664,Rural
Tipton,47167,134.8,61769,Rural
Trousdale,47169,98.5,11243,Rural
Unicoi,47171,96.4,17944,Rural
Union,47173,89.9,20089,Rural
Van Buren,47175,21.6,5900,Rural
Warren,47177,95.8,41430,Rural
Washington,47179,397.6,129815,Rural
Wayne,47181,22.8,16711,Rural
Weakley,47183,57.4,33341,Rural
White,47185,73.1,27519,Rural
Williamson,47187,412.7,240431,Rural
Wilson,47189,255.6,145878,Rural
Anderson,48001,54.4,57813,Rural
Andrews,48003,12.6,18868,Rural
Angelina,48005,108.8,86763,Rural
Aransas,48007,93.3,23511,Rural
Archer,48009,9.5,8584,Rural
Armstrong,48011,2.1,1897,Rural
Atascosa,48013,42.2,51470,Rural
Austin,48015,46.6,30128,Rural
Bailey,48017,8.4,6967,Rural
Bandera,48019,29.5,23322,Rural
Bastrop,48021,100.8,89551,Rural
Baylor,48023,4.1,3517,Rural
Bee,48025,37.0,32602,Rural
Bell,48027,347.0,364726,Rural
Bexar,48029,1623.1,2012291,Urban
Blanco,48031,17.0,12068,Rural
Borden,48033,0.7,652,Rural
Bosque,48035,19.2,18834,Rural
Bowie,48037,105.7,93553,Rural
Brazoria,48039,277.6,376908,Rural
Brazos,48041,393.0,230102,Rural
Brewster,48043,1.5,9198,Rural
Briscoe,48045,1.7,1554,Rural
Brooks,48047,7.5,7088,Rural
Brown,48049,40.2,38006,Rural
Burleson,48051,28.1,18543,Rural
Burnet,48053,48.9,48600,Rural
Caldwell,48055,80.6,43937,Rural
Calhoun,48057,41.9,21234,Rural
Callahan,48059,15.6,13986,Rural
Cameron,48061,475.4,423584,Rural
Camp,48063,67.1,13143,Rural
Carson,48065,6.4,5931,Rural
Cass,48067,32.2,30125,Rural
Castro,48069,8.4,7517,Rural
Chambers,48071,74.2,44310,Rural
Cherokee,48073,50.2,52835,Rural
Childress,48075,10.5,7283,Rural
Clay,48077,9.6,10498,Rural
Cochran,48079,3.7,2837,Rural
Coke,48081,3.7,3412,Rural
Coleman,48083,6.5,8179,Rural
Collin,48085,1240.7,1043748,Urban
Collingsworth,48087,3.2,2922,Rural
Colorado,48089,22.4,21499,Rural
Comal,48091,284.0,158871,Rural
Comanche,48093,14.6,13682,Rural
Concho,48095,3.1,3004,Rural
Cooke,48097,47.4,41487,Rural
Coryell,48099,72.3,76090,Rural
Cottle,48101,1.6,1403,Rural
Crane,48103,6.1,4809,Rural
Crockett,48105,1.2,3468,Rural
Crosby,48107,6.4,5746,Rural
Culberson,48109,0.6,2162,Rural
Dallam,48111,4.8,7197,Rural
Dallas,48113,3024.1,2634796,Urban
Dawson,48115,14.1,12720,Rural
Deaf Smith,48117,12.4,18503,Rural
Delta,48119,20.9,5361,Rural
Denton,48121,1020.1,896053,Urban
DeWitt,48123,22.2,20212,Rural
Dickens,48125,2.5,2228,Rural
Dimmit,48127,7.6,10128,Rural
Donley,48129,3.5,3272,Rural
Duval,48131,6.2,11169,Rural
Eastland,48133,19.9,18418,Rural
Ector,48135,186.2,167194,Rural
Edwards,48137,0.9,1946,Rural
Ellis,48139,199.7,186805,Rural
El Paso,48141,829.9,840417,Urban
Erath,48143,39.7,43006,Rural
Falls,48145,22.7,17351,Rural
Fannin,48147,40.2,35799,Rural
Fayette,48149,26.8,25471,Rural
Fisher,48151,4.3,3831,Rural
Floyd,48153,5.8,5712,Rural
Foard,48155,1.6,1157,Rural
Fort Bend,48157,948.5,817103,Urban
Franklin,48159,37.7,10734,Rural
Freestone,48161,22.5,19763,Rural
Frio,48163,17.8,20144,Rural
Gaines,48165,14.3,21555,Rural
Galveston,48167,908.6,343773,Urban
Garza,48169,7.1,6304,Rural
Gillespie,48171,25.7,27214,Rural
Glasscock,48173,1.6,1407,Rural
Goliad,48175,9.0,7685,Rural
Gonzales,48177,19.6,20902,Rural
Gray,48179,23.5,21802,Rural
Grayson,48181,147.1,137247,Rural
Gregg,48183,455.0,124356,Rural
Grimes,48185,36.9,29086,Rural
Guadalupe,48187,236.7,168350,Rural
Hale,48189,33.3,33419,Rural
Hall,48191,3.4,2963,Rural
Hamilton,48193,10.2,8508,Rural
Hansford,48195,5.8,5365,Rural
Hardeman,48197,5.7,3931,Rural
Hardin,48199,64.9,57817,Rural
Harris,48201,2766.8,4713171,Urban
Harrison,48203,74.1,66694,Rural
Hartley,48205,3.8,5552,Rural
Haskell,48207,6.3,5685,Rural
Hays,48209,343.5,232894,Rural
Hemphill,48211,4.2,3790,Rural
Henderson,48213,95.3,83294,Rural
Hidalgo,48215,554.5,871085,Urban
Hill,48217,38.5,36944,Rural
Hockley,48219,25.4,23041,Rural
Hood,48221,148.6,62512,Rural
Hopkins,48223,48.6,37263,Rural
Houston,48225,18.7,23045,Rural
Howard,48227,41.0,36898,Rural
Hudspeth,48229,1.1,4924,Rural
Hunt,48231,118.3,99424,Rural
Hutchinson,48233,23.6,20908,Rural
Irion,48235,1.5,1540,Rural
Jack,48237,9.8,8969,Rural
Jackson,48239,17.8,14764,Rural
Jasper,48241,38.0,35651,Rural
Jeff Davis,48243,1.0,2286,Rural
Jefferson,48245,286.9,251379,Rural
Jim Hogg,48247,4.6,5205,Rural
Jim Wells,48249,46.7,40429,Rural
Johnson,48251,244.8,177419,Rural
Jones,48253,21.7,20144,Rural
Karnes,48255,20.8,15560,Rural
Kaufman,48257,177.2,138350,Rural
Kendall,48259,72.6,48115,Rural
Kenedy,48261,0.3,398,Rural
Kent,48263,0.8,765,Rural
Kerr,48265,47.9,52872,Rural
Kimble,48267,3.5,4347,Rural
King,48269,0.3,270,Rural
Kinney,48271,2.7,3682,Rural
Kleberg,48273,34.9,30790,Rural
Knox,48275,4.3,3664,Rural
Lamar,48277,55.1,49972,Rural
Lamb,48279,12.7,12890,Rural
Lampasas,48281,30.3,21604,Rural
La Salle,48283,5.1,7522,Rural
Lavaca,48285,20.8,20209,Rural
Lee,48287,27.5,17289,Rural
Leon,48289,16.3,17467,Rural
Liberty,48291,77.0,89195,Rural
Limestone,48293,26.0,23516,Rural
Lipscomb,48295,3.4,3215,Rural
Live Oak,48297,11.8,12226,Rural
Llano,48299,23.6,22001,Rural
Loving,48301,0.3,175,Rural
Lubbock,48303,348.0,311645,Rural
Lynn,48305,6.7,5978,Rural
McCulloch,48307,7.5,7999,Rural
McLennan,48309,248.5,257693,Rural
McMullen,48311,0.7,743,Rural
Madison,48313,30.7,14328,Rural
Marion,48315,25.9,9867,Rural
Martin,48317,6.4,5835,Rural
Mason,48319,4.6,4304,Rural
Matagorda,48321,33.3,36607,Rural
Maverick,48323,45.9,58732,Rural
Medina,48325,39.1,51848,Rural
Menard,48327,2.4,2154,Rural
Midland,48329,197.8,178043,Rural
Milam,48331,24.5,24933,Rural
Mills,48333,6.5,4898,Rural
Mitchell,48335,9.3,8476,Rural
Montague,48337,21.4,19934,Rural
Montgomery,48339,588.7,613316,Urban
Moore,48341,23.3,20973,Rural
Morris,48343,49.4,12438,Rural
Motley,48345,1.2,1203,Rural
Nacogdoches,48347,69.0,65356,Rural
Navarro,48349,49.9,50352,Rural
Newton,48351,14.5,13577,Rural
Nolan,48353,16.1,14671,Rural
Nueces,48355,432.3,362464,Rural
Ochiltree,48357,10.7,9806,Rural
Oldham,48359,1.4,2120,Rural
Orange,48361,250.0,83406,Rural
Palo Pinto,48363,30.8,29306,Rural
Panola,48365,29.0,23217,Rural
Parker,48367,160.1,144637,Rural
Parmer,48369,10.9,9610,Rural
Pecos,48371,3.3,15827,Rural
Polk,48373,49.0,51850,Rural
Potter,48375,129.0,117197,Rural
Presidio,48377,1.7,6653,Rural
Rains,48379,55.2,12665,Rural
Randall,48381,152.1,138607,Rural
Reagan,48383,3.3,3838,Rural
Real,48385,5.0,3470,Rural
Red River,48387,11.6,12053,Rural
Reeves,48389,6.1,16112,Rural
Refugio,48391,9.0,6925,Rural
Roberts,48393,0.9,847,Rural
Robertson,48395,20.0,17123,Rural
Rockwall,48397,837.5,106387,Urban
Runnels,48399,9.8,10303,Rural
Rusk,48401,58.9,54440,Rural
Sabine,48403,21.6,10602,Rural
San Augustine,48405,15.5,8241,Rural
San Jacinto,48407,51.0,29047,Rural
San Patricio,48409,96.2,66732,Rural
San Saba,48411,5.3,6072,Rural
Schleicher,48413,2.1,2769,Rural
Scurry,48415,18.4,16670,Rural
Shackelford,48417,3.6,3264,Rural
Shelby,48419,31.9,25351,Rural
Sherman,48421,3.3,3013,Rural
Smith,48423,253.9,233917,Rural
Somervell,48425,49.3,9190,Rural
Starr,48427,52.9,64703,Rural
Stephens,48429,10.5,9405,Rural
Sterling,48431,1.4,1296,Rural
Stonewall,48433,1.5,1352,Rural
Sutton,48435,2.6,3759,Rural
Swisher,48437,8.3,7418,Rural
Tarrant,48439,2441.7,2108659,Urban
Taylor,48441,151.1,138325,Rural
Terrell,48443,0.3,776,Rural
Terry,48445,13.9,12315,Rural
Throckmorton,48447,1.6,1503,Rural
Titus,48449,81.0,32872,Rural
Tom Green,48451,78.5,119536,Rural
Travis,48453,1293.8,1281160,Urban
Trinity,48455,21.2,14709,Rural
Tyler,48457,23.6,21790,Rural
Upshur,48459,72.0,41979,Rural
Upton,48461,3.0,3662,Rural
Uvalde,48463,17.2,26722,Rural
Val Verde,48465,15.6,49032,Rural
Van Zandt,48467,67.6,56946,Rural
Victoria,48469,104.5,92153,Rural
Walker,48471,92.9,72886,Rural
Waller,48473,108.4,55642,Rural
Ward,48475,14.4,12063,Rural
Washington,48477,59.6,35975,Rural
Webb,48479,82.3,276781,Rural
Wharton,48481,38.3,41620,Rural
Wheeler,48483,5.5,5036,Rural
Wichita,48485,211.1,132532,Rural
Wilbarger,48487,13.2,12800,Rural
Willacy,48489,36.2,21361,Rural
Williamson,48491,533.8,596980,Urban
Wilson,48493,64.0,51470,Rural
Winkler,48495,9.5,8007,Rural
Wise,48497,78.2,70753,Rural
Wood,48499,71.2,45916,Rural
Yoakum,48501,10.9,8689,Rural
Young,48503,19.8,18069,Rural
Zapata,48505,14.2,14136,Rural
Zavala,48507,9.1,11813,Rural
Beaver,49001,2.6,6725,Rural
Box Elder,49003,9.8,56345,Rural
Cache,49005,110.6,128849,Rural
Carbon,49007,13.9,20560,Rural
Daggett,49009,1.5,1030,Rural
Davis,49011,1194.2,356803,Urban
Duchesne,49013,6.1,19882,Rural
Emery,49015,2.2,10017,Rural
Garfield,49017,1.0,5087,Rural
Grand,49019,2.7,9803,Rural
Iron,49021,16.9,55582,Rural
Juab,49023,3.6,12092,Rural
Kane,49025,2.0,7964,Rural
Millard,49027,2.0,13240,Rural
Morgan,49029,20.0,12208,Rural
Piute,49031,2.0,1490,Rural
Rich,49033,2.4,2497,Rural
Salt Lake,49035,1568.2,1164021,Urban
San Juan,49037,2.0,15416,Rural
Sanpete,49039,19.6,31151,Rural
Sevier,49041,11.4,21688,Rural
Summit,49043,22.6,42247,Rural
Tooele,49045,10.5,72942,Rural
Uintah,49047,8.0,35688,Rural
Utah,49049,319.2,639599,Rural
Wasatch,49051,29.4,34547,Rural
Washington,49053,74.0,179541,Rural
Wayne,49055,1.1,2711,Rural
Weber,49057,454.0,261558,Rural
Addison,50001,48.1,36876,Rural
Bennington,50003,52.7,35555,Rural
Caledonia,50005,46.2,30002,Rural
Chittenden,50007,306.3,164350,Rural
Essex,50009,9.3,6177,Rural
Franklin,50011,78.2,49536,Rural
Grand Isle,50013,88.9,7276,Rural
Lamoille,50015,55.4,25401,Rural
Orange,50017,42.1,28951,Rural
Orleans,50019,39.1,27133,Rural
Rutland,50021,62.6,58210,Rural
Washington,50023,85.4,58698,Rural
Windham,50025,53.7,42164,Rural
Windsor,50027,56.9,55114,Rural
Accomack,51001,71.8,32256,Rural
Albemarle,51003,152.3,109785,Rural
Alleghany,51005,33.3,14848,Rural
Amelia,51007,37.1,13195,Rural
Amherst,51009,66.7,31605,Rural
Appomattox,51011,47.8,15957,Rural
Arlington,51013,9125.0,237016,Urban
Augusta,51015,78.4,75832,Rural
Bath,51017,7.9,4161,Rural
Bedford,51019,104.3,79279,Rural
Bland,51021,17.6,6284,Rural
Botetourt,51023,61.9,33520,Rural
Brunswick,51025,28.6,16206,Rural
Buchanan,51027,41.6,20908,Rural
Buckingham,51029,29.7,17191,Rural
Campbell,51031,108.9,54854,Rural
Caroline,51033,58.5,30846,Rural
Carroll,51035,62.9,29837,Rural
Charles City,51036,38.1,6960,Rural
Charlotte,51037,25.0,11876,Rural
Chesterfield,51041,838.0,354707,Urban
Clarke,51043,83.4,14685,Rural
Craig,51045,15.6,5141,Rural
Culpeper,51047,139.3,52816,Rural
Cumberland,51049,33.4,9950,Rural
Dickenson,51051,43.2,14294,Rural
Dinwiddie,51053,56.7,28539,Rural
Essex,51057,42.7,10983,Rural
Fairfax,51059,2929.4,1145312,Urban
Fauquier,51061,110.6,71619,Rural
Floyd,51063,41.5,15799,Rural
Fluvanna,51065,95.8,27395,Rural
Franklin,51067,81.4,56175,Rural
Frederick,51069,217.5,89939,Rural
Giles,51071,47.2,16778,Rural
Gloucester,51073,171.9,37442,Rural
Goochland,51075,85.2,23980,Rural
Grayson,51077,35.1,15536,Rural
Greene,51079,127.3,19897,Rural
Greensville,51081,38.6,11399,Rural
Halifax,51083,41.4,33891,Rural
Hanover,51085,231.4,108403,Rural
Henrico,51087,1418.4,331469,Urban
Henry,51089,132.3,50586,Rural
Highland,51091,5.3,2195,Rural
Isle of Wight,51093,118.1,37270,Rural
James City,51095,541.0,77062,Urban
King and Queen,51097,22.4,7053,Rural
King George,51099,149.9,26931,Rural
King William,51101,62.9,17242,Rural
Lancaster,51103,80.2,10685,Rural
Lee,51105,53.7,23367,Rural
Loudoun,51107,807.0,416080,Urban
Louisa,51109,76.4,37902,Rural
Lunenburg,51111,28.2,12163,Rural
Madison,51113,41.5,13318,Rural
Mathews,51115,103.5,8891,Rural
Mecklenburg,51117,49.0,30670,Rural
Middlesex,51119,81.5,10626,Rural
Montgomery,51121,255.4,98852,Rural
Nelson,51125,31.8,14980,Rural
New Kent,51127,111.4,23370,Rural
Northampton,51131,55.3,11705,Rural
Northumberland,51133,63.4,12119,Rural
Nottoway,51135,48.5,15250,Rural
Orange,51137,109.5,37319,Rural
Page,51139,77.1,23971,Rural
Patrick,51141,36.5,17650,Rural
Pittsylvania,51143,62.4,60415,Rural
Powhatan,51145,114.6,29810,Rural
Prince Edward,51147,65.3,22858,Rural
Prince George,51149,144.8,38389,Rural
Prince William,51153,1399.9,470928,Urban
Pulaski,51155,106.6,34083,Rural
Rappahannock,51157,27.6,7352,Rural
Richmond,51159,47.5,9098,Rural
Roanoke,51161,377.1,94477,Rural
Rockbridge,51163,37.9,22665,Rural
Rockingham,51165,96.9,82301,Rural
Russell,51167,56.0,26556,Rural
Scott,51169,40.2,21544,Rural
Shenandoah,51171,86.0,43767,Rural
Smyth,51173,66.8,30113,Rural
Southampton,51175,29.4,17600,Rural
Spotsylvania,51177,341.1,136944,Rural
Stafford,51179,572.0,153837,Urban
Surry,51181,23.0,6423,Rural
Sussex,51183,22.8,11154,Rural
Tazewell,51185,78.1,40542,Rural
Warren,51187,189.0,40343,Rural
Washington,51191,96.2,53985,Rural
Westmoreland,51193,79.0,18111,Rural
Wise,51195,92.6,37343,Rural
Wythe,51197,62.3,28761,Rural
York,51199,652.1,68329,Urban
Alexandria,51510,10600.9,159299,Urban
Bristol,51520,1285.9,16734,Urban
Buena Vista,51530,955.9,6408,Urban
Charlottesville,51540,4631.2,47416,Urban
Chesapeake,51550,721.5,245878,Urban
Colonial Heights,51570,2328.9,17513,Urban
Covington,51580,1007.0,5507,Urban
Danville,51590,932.2,40024,Urban
Emporia,51595,762.4,5256,Urban
Fairfax City,51600,3883.8,24232,Urban
Falls Church,51610,7397.5,14786,Urban
Franklin City,51620,966.1,7928,Urban
Fredericksburg,51630,2784.3,29069,Urban
Galax,51640,776.0,6394,Urban
Hampton,51650,2616.1,134502,Urban
Harrisonburg,51660,3046.8,53070,Urban
Hopewell,51670,2198.7,22599,Urban
Lexington,51678,2977.7,7435,Urban
Lynchburg,51680,1682.6,82661,Urban
Manassas,51683,4167.9,41182,Urban
Manassas Park,51685,6877.5,17426,Urban
Martinsville,51690,1156.4,12670,Urban
Newport News,51700,2604.5,178968,Urban
Norfolk,51710,4478.8,242393,Urban
Norton,51720,533.8,3993,Urban
Petersburg,51730,1374.5,31520,Urban
Poquoson,51735,805.2,12333,Urban
Portsmouth,51740,2798.0,94161,Urban
Radford,51750,1875.3,18512,Urban
Richmond City,51760,3855.5,230581,Urban
Roanoke City,51770,2337.8,99499,Urban
Salem,51775,1765.3,25485,Urban
Staunton,51790,1259.5,25159,Urban
Suffolk,51800,231.2,92505,Rural
Virginia Beach,51810,1806.4,449825,Urban
Waynesboro,51820,1512.5,22747,Urban
Williamsburg,51830,1655.2,14933,Urban
Winchester,51840,3040.5,28072,Urban
Adams,53001,10.4,19951,Rural
Asotin,53003,35.6,22661,Rural
Benton,53005,120.9,205544,Rural
Chelan,53007,26.6,77560,Rural
Clallam,53009,44.8,77895,Rural
Clark,53011,780.9,491178,Urban
Columbia,53013,4.6,3994,Rural
Cowlitz,53015,97.8,111506,Rural
Douglas,53017,24.0,43661,Rural
Ferry,53019,3.5,7654,Rural
Franklin,53021,77.0,95621,Rural
Garfield,53023,3.1,2230,Rural
Grant,53025,36.6,97947,Rural
Grays Harbor,53027,39.8,75631,Rural
Island,53029,411.0,85674,Rural
Jefferson,53031,18.0,32497,Rural
King,53033,1065.0,2253103,Urban
Kitsap,53035,690.8,272826,Urban
Kittitas,53037,21.0,48272,Rural
Klickitat,53039,12.1,22577,Rural
Lewis,53041,33.8,81237,Rural
Lincoln,53043,4.8,11025,Rural
Mason,53045,70.2,67320,Rural
Okanogan,53047,8.0,42267,Rural
Pacific,53049,24.3,22618,Rural
Pend Oreille,53051,9.9,13832,Rural
Pierce,53053,544.2,908629,Urban
San Juan,53055,102.1,17750,Rural
Skagit,53057,75.1,129990,Rural
Skamania,53059,7.3,12148,Rural
Snohomish,53061,395.6,825706,Rural
Spokane,53063,298.4,526261,Rural
Stevens,53065,18.6,46019,Rural
Thurston,53067,405.4,292672,Rural
Wahkiakum,53069,17.2,4537,Rural
Walla Walla,53071,48.1,61044,Rural
Whatcom,53073,109.6,230843,Rural
Whitman,53075,23.3,50295,Rural
Yakima,53077,58.5,251228,Rural
Barbour,54001,48.3,16467,Rural
Berkeley,54003,373.4,119919,Rural
Boone,54005,42.6,21373,Rural
Braxton,54007,27.3,13960,Rural
Brooke,54009,246.5,21990,Rural
Cabell,54011,326.8,91844,Rural
Calhoun,54013,25.5,7115,Rural
Clay,54015,24.9,8500,Rural
Doddridge,54017,26.3,8400,Rural
Fayette,54019,64.0,42371,Rural
Gilmer,54021,23.2,7855,Rural
Grant,54023,24.3,11594,Rural
Greenbrier,54025,34.0,34680,Rural
Hampshire,54027,36.3,23220,Rural
Hancock,54029,349.0,28829,Rural
Hardy,54031,23.7,13774,Rural
Harrison,54033,161.8,67306,Rural
Jackson,54035,61.6,28601,Rural
Jefferson,54037,273.4,57323,Rural
Kanawha,54039,197.1,177729,Rural
Lewis,54041,41.4,15924,Rural
Lincoln,54043,46.7,20394,Rural
Logan,54045,70.3,31917,Rural
McDowell,54047,32.9,17537,Rural
Marion,54049,181.8,56135,Rural
Marshall,54051,99.8,30477,Rural
Mason,54053,61.6,26539,Rural
Mercer,54055,140.2,58727,Rural
Mineral,54057,82.0,26892,Rural
Mingo,54059,55.1,23322,Rural
Monongalia,54061,293.9,105812,Rural
Monroe,54063,28.1,13284,Rural
Morgan,54065,78.3,17940,Rural
Nicholas,54067,37.8,24464,Rural
Ohio,54069,391.1,41383,Rural
Pendleton,54071,10.0,6990,Rural
Pleasants,54073,57.6,7496,Rural
Pocahontas,54075,8.8,8240,Rural
Preston,54077,51.7,33544,Rural
Putnam,54079,163.7,56576,Rural
Raleigh,54081,121.1,73307,Rural
Randolph,54083,27.6,28727,Rural
Ritchie,54085,21.1,9531,Rural
Roane,54087,28.3,13689,Rural
Summers,54089,35.0,12613,Rural
Taylor,54091,96.8,16719,Rural
Tucker,54093,16.3,6835,Rural
Tyler,54095,33.5,8583,Rural
Upshur,54097,68.2,24199,Rural
Wayne,54099,77.8,39385,Rural
Webster,54101,14.6,8108,Rural
Wetzel,54103,42.0,15056,Rural
Wirt,54105,25.1,5847,Rural
Wood,54107,228.0,83510,Rural
Wyoming,54109,40.7,20323,Rural
Adams,55001,31.4,20295,Rural
Ashland,55003,14.9,15570,Rural
Barron,55005,52.6,45356,Rural
Bayfield,55007,10.2,15102,Rural
Brown,55009,500.7,265223,Urban
Buffalo,55011,19.4,13029,Rural
Burnett,55013,18.8,15479,Rural
Calumet,55015,157.7,50171,Rural
Chippewa,55017,64.3,64853,Rural
Clark,55019,28.8,34805,Rural
Columbia,55021,75.3,57659,Rural
Crawford,55023,28.3,16160,Rural
Dane,55025,458.1,548462,Rural
Dodge,55027,100.6,88047,Rural
Door,55029,57.7,27789,Rural
Douglas,55031,33.1,43204,Rural
Dunn,55033,53.5,45521,Rural
Eau Claire,55035,164.3,104836,Rural
Florence,55037,8.8,4319,Rural
Fond du Lac,55039,144.1,103698,Rural
Forest,55041,8.9,9011,Rural
Grant,55043,44.9,51522,Rural
Green,55045,63.4,37039,Rural
Green Lake,55047,54.4,19009,Rural
Iowa,55049,31.1,23734,Rural
Iron,55051,7.5,5709,Rural
Jackson,55053,20.9,20678,Rural
Jefferson,55055,152.5,84882,Rural
Juneau,55057,34.9,26786,Rural
Kenosha,55059,625.0,170000,Urban
Kewaunee,55061,59.7,20462,Rural
La Crosse,55063,261.8,118274,Rural
Lafayette,55065,26.3,16671,Rural
Langlade,55067,22.1,19245,Rural
Lincoln,55069,31.4,27628,Rural
Manitowoc,55071,134.3,79127,Rural
Marathon,55073,87.9,135735,Rural
Marinette,55075,28.9,40466,Rural
Marquette,55077,34.4,15654,Rural
Menominee,55078,12.8,4573,Rural
Milwaukee,55079,3911.5,944245,Urban
Monroe,55081,51.5,46373,Rural
Oconto,55083,38.2,38100,Rural
Oneida,55085,32.1,35754,Rural
Outagamie,55087,295.5,188401,Rural
Ozaukee,55089,384.1,89524,Rural
Pepin,55091,31.5,7309,Rural
Pierce,55093,74.8,42935,Rural
Polk,55095,48.1,43940,Rural
Portage,55097,88.4,70776,Rural
Price,55099,10.7,13389,Rural
Racine,55101,591.3,196612,Urban
Richland,55103,29.4,17240,Rural
Rock,55105,228.1,163774,Rural
Rusk,55107,15.6,14222,Rural
St. Croix,55109,126.1,91057,Rural
Sauk,55111,77.8,64622,Rural
Sawyer,55113,13.2,16615,Rural
Shawano,55115,45.9,40974,Rural
Sheboygan,55117,226.2,115651,Rural
Taylor,55119,20.9,20373,Rural
Trempealeau,55121,40.5,29655,Rural
Vernon,55123,39.0,30885,Rural
Vilas,55125,26.1,22335,Rural
Walworth,55127,187.9,104293,Rural
Washburn,55129,19.8,15790,Rural
Washington,55131,316.9,136505,Rural
Waukesha,55133,737.7,405395,Urban
Waupaca,55135,68.3,51100,Rural
Waushara,55137,39.2,24553,Rural
Winnebago,55139,396.7,172363,Rural
Wood,55141,92.1,73064,Rural
Albany,56001,9.1,38807,Rural
Big Horn,56003,3.8,11811,Rural
Campbell,56005,9.6,46121,Rural
Carbon,56007,1.9,14741,Rural
Converse,56009,3.2,13816,Rural
Crook,56011,2.7,7602,Rural
Fremont,56013,4.3,39197,Rural
Goshen,56015,5.9,13231,Rural
Hot Springs,56017,2.2,4392,Rural
Johnson,56019,2.0,8468,Rural
Laramie,56021,37.2,99801,Rural
Lincoln,56023,4.9,19914,Rural
Natrona,56025,14.9,79808,Rural
Niobrara,56027,0.9,2344,Rural
Park,56029,4.2,29348,Rural
Platte,56031,4.0,8409,Rural
Sheridan,56033,12.1,30632,Rural
Sublette,56035,2.0,9845,Rural
Sweetwater,56037,4.0,42226,Rural
Teton,56039,5.9,23376,Rural
Uinta,56041,9.7,20194,Rural
Washakie,56043,3.5,7793,Rural
Weston,56045,2.9,6916,Rural
